<?xml version="1.0" encoding="UTF-8"?>
<config xmlns="http://www.knime.org/2008/09/XMLConfig" xmlns:xsi="http://www.w3.org/2001/XMLSchema-instance" xsi:schemaLocation="http://www.knime.org/2008/09/XMLConfig http://www.knime.org/XMLConfig_2008_09.xsd" key="filestore">
<config key="filestore_keys">
<config key="filestore_key_0">
<entry key="storeUUID" type="xstring" value="b0e68912-0f76-4b8d-8efe-bc7451bf9b72"/>
<entry key="index" type="xint" value="0"/>
<entry key="name" type="xstring" value="484bffcf-8308-434d-8eab-7eb0ad4b6ef0"/>
<entry key="iterationIndex" type="xint" value="-1"/>
</config>
</config>
</config>
