<?xml version="1.0" encoding="UTF-8"?>
<config xmlns="http://www.knime.org/2008/09/XMLConfig" xmlns:xsi="http://www.w3.org/2001/XMLSchema-instance" xsi:schemaLocation="http://www.knime.org/2008/09/XMLConfig http://www.knime.org/XMLConfig_2008_09.xsd" key="filestore">
<config key="filestore_keys">
<config key="filestore_key_0">
<entry key="storeUUID" type="xstring" value="71296a25-c7ef-448b-a85d-f6508be86ba4"/>
<entry key="index" type="xint" value="0"/>
<entry key="name" type="xstring" value="a15e98a4-2a44-4f2f-bcab-0852cb6dd278"/>
<entry key="iterationIndex" type="xint" value="-1"/>
</config>
</config>
</config>
