<?xml version="1.0" encoding="UTF-8"?>
<config xmlns="http://www.knime.org/2008/09/XMLConfig" xmlns:xsi="http://www.w3.org/2001/XMLSchema-instance" xsi:schemaLocation="http://www.knime.org/2008/09/XMLConfig http://www.knime.org/XMLConfig_2008_09.xsd" key="filestore">
<config key="filestore_keys">
<config key="filestore_key_0">
<entry key="storeUUID" type="xstring" value="82a4de92-3715-4d07-81a6-df47a72c46c0"/>
<entry key="index" type="xint" value="1"/>
<entry key="name" type="xstring" value="ad332afc-851d-42bb-9086-3596db65cf38"/>
<entry key="iterationIndex" type="xint" value="1"/>
<config key="nestedLoopPath">
<entry key="array-size" type="xint" value="0"/>
</config>
</config>
</config>
</config>
