<?xml version="1.0" encoding="UTF-8"?>
<config xmlns="http://www.knime.org/2008/09/XMLConfig" xmlns:xsi="http://www.w3.org/2001/XMLSchema-instance" xsi:schemaLocation="http://www.knime.org/2008/09/XMLConfig http://www.knime.org/XMLConfig_2008_09.xsd" key="table_meta_info">
<entry key="table_ID" type="xint" value="1045"/>
<entry key="table_type" type="xstring" value="rearrange_columns_table"/>
<config key="table_references">
<entry key="array-size" type="xint" value="0"/>
</config>
<config key="meta_internal">
<entry key="table_reference_ID" type="xint" value="12"/>
<config key="table_internal_map">
<entry key="array-size" type="xint" value="280"/>
<entry key="0" type="xint" value="1"/>
<entry key="1" type="xint" value="14"/>
<entry key="2" type="xint" value="15"/>
<entry key="3" type="xint" value="17"/>
<entry key="4" type="xint" value="22"/>
<entry key="5" type="xint" value="24"/>
<entry key="6" type="xint" value="31"/>
<entry key="7" type="xint" value="38"/>
<entry key="8" type="xint" value="40"/>
<entry key="9" type="xint" value="46"/>
<entry key="10" type="xint" value="47"/>
<entry key="11" type="xint" value="48"/>
<entry key="12" type="xint" value="52"/>
<entry key="13" type="xint" value="59"/>
<entry key="14" type="xint" value="67"/>
<entry key="15" type="xint" value="68"/>
<entry key="16" type="xint" value="69"/>
<entry key="17" type="xint" value="75"/>
<entry key="18" type="xint" value="78"/>
<entry key="19" type="xint" value="80"/>
<entry key="20" type="xint" value="85"/>
<entry key="21" type="xint" value="91"/>
<entry key="22" type="xint" value="95"/>
<entry key="23" type="xint" value="97"/>
<entry key="24" type="xint" value="98"/>
<entry key="25" type="xint" value="99"/>
<entry key="26" type="xint" value="101"/>
<entry key="27" type="xint" value="103"/>
<entry key="28" type="xint" value="104"/>
<entry key="29" type="xint" value="108"/>
<entry key="30" type="xint" value="116"/>
<entry key="31" type="xint" value="118"/>
<entry key="32" type="xint" value="128"/>
<entry key="33" type="xint" value="132"/>
<entry key="34" type="xint" value="136"/>
<entry key="35" type="xint" value="138"/>
<entry key="36" type="xint" value="140"/>
<entry key="37" type="xint" value="145"/>
<entry key="38" type="xint" value="149"/>
<entry key="39" type="xint" value="152"/>
<entry key="40" type="xint" value="155"/>
<entry key="41" type="xint" value="158"/>
<entry key="42" type="xint" value="161"/>
<entry key="43" type="xint" value="177"/>
<entry key="44" type="xint" value="178"/>
<entry key="45" type="xint" value="182"/>
<entry key="46" type="xint" value="184"/>
<entry key="47" type="xint" value="185"/>
<entry key="48" type="xint" value="190"/>
<entry key="49" type="xint" value="195"/>
<entry key="50" type="xint" value="196"/>
<entry key="51" type="xint" value="197"/>
<entry key="52" type="xint" value="198"/>
<entry key="53" type="xint" value="202"/>
<entry key="54" type="xint" value="203"/>
<entry key="55" type="xint" value="206"/>
<entry key="56" type="xint" value="208"/>
<entry key="57" type="xint" value="213"/>
<entry key="58" type="xint" value="216"/>
<entry key="59" type="xint" value="218"/>
<entry key="60" type="xint" value="219"/>
<entry key="61" type="xint" value="221"/>
<entry key="62" type="xint" value="222"/>
<entry key="63" type="xint" value="223"/>
<entry key="64" type="xint" value="224"/>
<entry key="65" type="xint" value="229"/>
<entry key="66" type="xint" value="230"/>
<entry key="67" type="xint" value="234"/>
<entry key="68" type="xint" value="236"/>
<entry key="69" type="xint" value="239"/>
<entry key="70" type="xint" value="241"/>
<entry key="71" type="xint" value="245"/>
<entry key="72" type="xint" value="249"/>
<entry key="73" type="xint" value="250"/>
<entry key="74" type="xint" value="254"/>
<entry key="75" type="xint" value="265"/>
<entry key="76" type="xint" value="269"/>
<entry key="77" type="xint" value="273"/>
<entry key="78" type="xint" value="274"/>
<entry key="79" type="xint" value="275"/>
<entry key="80" type="xint" value="278"/>
<entry key="81" type="xint" value="283"/>
<entry key="82" type="xint" value="286"/>
<entry key="83" type="xint" value="288"/>
<entry key="84" type="xint" value="296"/>
<entry key="85" type="xint" value="297"/>
<entry key="86" type="xint" value="300"/>
<entry key="87" type="xint" value="301"/>
<entry key="88" type="xint" value="303"/>
<entry key="89" type="xint" value="308"/>
<entry key="90" type="xint" value="309"/>
<entry key="91" type="xint" value="311"/>
<entry key="92" type="xint" value="312"/>
<entry key="93" type="xint" value="322"/>
<entry key="94" type="xint" value="331"/>
<entry key="95" type="xint" value="333"/>
<entry key="96" type="xint" value="339"/>
<entry key="97" type="xint" value="340"/>
<entry key="98" type="xint" value="342"/>
<entry key="99" type="xint" value="343"/>
<entry key="100" type="xint" value="351"/>
<entry key="101" type="xint" value="352"/>
<entry key="102" type="xint" value="353"/>
<entry key="103" type="xint" value="354"/>
<entry key="104" type="xint" value="358"/>
<entry key="105" type="xint" value="365"/>
<entry key="106" type="xint" value="366"/>
<entry key="107" type="xint" value="368"/>
<entry key="108" type="xint" value="372"/>
<entry key="109" type="xint" value="375"/>
<entry key="110" type="xint" value="378"/>
<entry key="111" type="xint" value="382"/>
<entry key="112" type="xint" value="388"/>
<entry key="113" type="xint" value="390"/>
<entry key="114" type="xint" value="392"/>
<entry key="115" type="xint" value="394"/>
<entry key="116" type="xint" value="399"/>
<entry key="117" type="xint" value="400"/>
<entry key="118" type="xint" value="402"/>
<entry key="119" type="xint" value="403"/>
<entry key="120" type="xint" value="408"/>
<entry key="121" type="xint" value="414"/>
<entry key="122" type="xint" value="416"/>
<entry key="123" type="xint" value="420"/>
<entry key="124" type="xint" value="429"/>
<entry key="125" type="xint" value="431"/>
<entry key="126" type="xint" value="441"/>
<entry key="127" type="xint" value="443"/>
<entry key="128" type="xint" value="447"/>
<entry key="129" type="xint" value="451"/>
<entry key="130" type="xint" value="459"/>
<entry key="131" type="xint" value="460"/>
<entry key="132" type="xint" value="469"/>
<entry key="133" type="xint" value="470"/>
<entry key="134" type="xint" value="474"/>
<entry key="135" type="xint" value="475"/>
<entry key="136" type="xint" value="482"/>
<entry key="137" type="xint" value="502"/>
<entry key="138" type="xint" value="509"/>
<entry key="139" type="xint" value="513"/>
<entry key="140" type="xint" value="524"/>
<entry key="141" type="xint" value="525"/>
<entry key="142" type="xint" value="528"/>
<entry key="143" type="xint" value="533"/>
<entry key="144" type="xint" value="538"/>
<entry key="145" type="xint" value="543"/>
<entry key="146" type="xint" value="544"/>
<entry key="147" type="xint" value="545"/>
<entry key="148" type="xint" value="546"/>
<entry key="149" type="xint" value="547"/>
<entry key="150" type="xint" value="548"/>
<entry key="151" type="xint" value="554"/>
<entry key="152" type="xint" value="556"/>
<entry key="153" type="xint" value="558"/>
<entry key="154" type="xint" value="565"/>
<entry key="155" type="xint" value="566"/>
<entry key="156" type="xint" value="567"/>
<entry key="157" type="xint" value="569"/>
<entry key="158" type="xint" value="573"/>
<entry key="159" type="xint" value="576"/>
<entry key="160" type="xint" value="578"/>
<entry key="161" type="xint" value="579"/>
<entry key="162" type="xint" value="582"/>
<entry key="163" type="xint" value="583"/>
<entry key="164" type="xint" value="586"/>
<entry key="165" type="xint" value="588"/>
<entry key="166" type="xint" value="590"/>
<entry key="167" type="xint" value="598"/>
<entry key="168" type="xint" value="599"/>
<entry key="169" type="xint" value="600"/>
<entry key="170" type="xint" value="602"/>
<entry key="171" type="xint" value="604"/>
<entry key="172" type="xint" value="605"/>
<entry key="173" type="xint" value="607"/>
<entry key="174" type="xint" value="615"/>
<entry key="175" type="xint" value="617"/>
<entry key="176" type="xint" value="618"/>
<entry key="177" type="xint" value="619"/>
<entry key="178" type="xint" value="624"/>
<entry key="179" type="xint" value="626"/>
<entry key="180" type="xint" value="629"/>
<entry key="181" type="xint" value="633"/>
<entry key="182" type="xint" value="636"/>
<entry key="183" type="xint" value="639"/>
<entry key="184" type="xint" value="647"/>
<entry key="185" type="xint" value="651"/>
<entry key="186" type="xint" value="652"/>
<entry key="187" type="xint" value="656"/>
<entry key="188" type="xint" value="679"/>
<entry key="189" type="xint" value="681"/>
<entry key="190" type="xint" value="684"/>
<entry key="191" type="xint" value="687"/>
<entry key="192" type="xint" value="689"/>
<entry key="193" type="xint" value="693"/>
<entry key="194" type="xint" value="699"/>
<entry key="195" type="xint" value="700"/>
<entry key="196" type="xint" value="701"/>
<entry key="197" type="xint" value="722"/>
<entry key="198" type="xint" value="727"/>
<entry key="199" type="xint" value="729"/>
<entry key="200" type="xint" value="734"/>
<entry key="201" type="xint" value="739"/>
<entry key="202" type="xint" value="741"/>
<entry key="203" type="xint" value="744"/>
<entry key="204" type="xint" value="745"/>
<entry key="205" type="xint" value="748"/>
<entry key="206" type="xint" value="752"/>
<entry key="207" type="xint" value="753"/>
<entry key="208" type="xint" value="754"/>
<entry key="209" type="xint" value="757"/>
<entry key="210" type="xint" value="758"/>
<entry key="211" type="xint" value="759"/>
<entry key="212" type="xint" value="760"/>
<entry key="213" type="xint" value="764"/>
<entry key="214" type="xint" value="767"/>
<entry key="215" type="xint" value="769"/>
<entry key="216" type="xint" value="774"/>
<entry key="217" type="xint" value="778"/>
<entry key="218" type="xint" value="779"/>
<entry key="219" type="xint" value="781"/>
<entry key="220" type="xint" value="792"/>
<entry key="221" type="xint" value="793"/>
<entry key="222" type="xint" value="795"/>
<entry key="223" type="xint" value="800"/>
<entry key="224" type="xint" value="803"/>
<entry key="225" type="xint" value="812"/>
<entry key="226" type="xint" value="813"/>
<entry key="227" type="xint" value="814"/>
<entry key="228" type="xint" value="816"/>
<entry key="229" type="xint" value="820"/>
<entry key="230" type="xint" value="821"/>
<entry key="231" type="xint" value="822"/>
<entry key="232" type="xint" value="823"/>
<entry key="233" type="xint" value="825"/>
<entry key="234" type="xint" value="826"/>
<entry key="235" type="xint" value="827"/>
<entry key="236" type="xint" value="835"/>
<entry key="237" type="xint" value="840"/>
<entry key="238" type="xint" value="846"/>
<entry key="239" type="xint" value="851"/>
<entry key="240" type="xint" value="857"/>
<entry key="241" type="xint" value="859"/>
<entry key="242" type="xint" value="864"/>
<entry key="243" type="xint" value="866"/>
<entry key="244" type="xint" value="877"/>
<entry key="245" type="xint" value="887"/>
<entry key="246" type="xint" value="889"/>
<entry key="247" type="xint" value="890"/>
<entry key="248" type="xint" value="893"/>
<entry key="249" type="xint" value="897"/>
<entry key="250" type="xint" value="906"/>
<entry key="251" type="xint" value="911"/>
<entry key="252" type="xint" value="912"/>
<entry key="253" type="xint" value="915"/>
<entry key="254" type="xint" value="927"/>
<entry key="255" type="xint" value="935"/>
<entry key="256" type="xint" value="936"/>
<entry key="257" type="xint" value="938"/>
<entry key="258" type="xint" value="943"/>
<entry key="259" type="xint" value="944"/>
<entry key="260" type="xint" value="948"/>
<entry key="261" type="xint" value="951"/>
<entry key="262" type="xint" value="952"/>
<entry key="263" type="xint" value="953"/>
<entry key="264" type="xint" value="954"/>
<entry key="265" type="xint" value="955"/>
<entry key="266" type="xint" value="957"/>
<entry key="267" type="xint" value="958"/>
<entry key="268" type="xint" value="959"/>
<entry key="269" type="xint" value="964"/>
<entry key="270" type="xint" value="971"/>
<entry key="271" type="xint" value="973"/>
<entry key="272" type="xint" value="975"/>
<entry key="273" type="xint" value="980"/>
<entry key="274" type="xint" value="990"/>
<entry key="275" type="xint" value="993"/>
<entry key="276" type="xint" value="994"/>
<entry key="277" type="xint" value="996"/>
<entry key="278" type="xint" value="997"/>
<entry key="279" type="xint" value="1000"/>
</config>
<config key="table_internal_flags">
<entry key="array-size" type="xint" value="280"/>
<entry key="0" type="xboolean" value="true"/>
<entry key="1" type="xboolean" value="true"/>
<entry key="2" type="xboolean" value="true"/>
<entry key="3" type="xboolean" value="true"/>
<entry key="4" type="xboolean" value="true"/>
<entry key="5" type="xboolean" value="true"/>
<entry key="6" type="xboolean" value="true"/>
<entry key="7" type="xboolean" value="true"/>
<entry key="8" type="xboolean" value="true"/>
<entry key="9" type="xboolean" value="true"/>
<entry key="10" type="xboolean" value="true"/>
<entry key="11" type="xboolean" value="true"/>
<entry key="12" type="xboolean" value="true"/>
<entry key="13" type="xboolean" value="true"/>
<entry key="14" type="xboolean" value="true"/>
<entry key="15" type="xboolean" value="true"/>
<entry key="16" type="xboolean" value="true"/>
<entry key="17" type="xboolean" value="true"/>
<entry key="18" type="xboolean" value="true"/>
<entry key="19" type="xboolean" value="true"/>
<entry key="20" type="xboolean" value="true"/>
<entry key="21" type="xboolean" value="true"/>
<entry key="22" type="xboolean" value="true"/>
<entry key="23" type="xboolean" value="true"/>
<entry key="24" type="xboolean" value="true"/>
<entry key="25" type="xboolean" value="true"/>
<entry key="26" type="xboolean" value="true"/>
<entry key="27" type="xboolean" value="true"/>
<entry key="28" type="xboolean" value="true"/>
<entry key="29" type="xboolean" value="true"/>
<entry key="30" type="xboolean" value="true"/>
<entry key="31" type="xboolean" value="true"/>
<entry key="32" type="xboolean" value="true"/>
<entry key="33" type="xboolean" value="true"/>
<entry key="34" type="xboolean" value="true"/>
<entry key="35" type="xboolean" value="true"/>
<entry key="36" type="xboolean" value="true"/>
<entry key="37" type="xboolean" value="true"/>
<entry key="38" type="xboolean" value="true"/>
<entry key="39" type="xboolean" value="true"/>
<entry key="40" type="xboolean" value="true"/>
<entry key="41" type="xboolean" value="true"/>
<entry key="42" type="xboolean" value="true"/>
<entry key="43" type="xboolean" value="true"/>
<entry key="44" type="xboolean" value="true"/>
<entry key="45" type="xboolean" value="true"/>
<entry key="46" type="xboolean" value="true"/>
<entry key="47" type="xboolean" value="true"/>
<entry key="48" type="xboolean" value="true"/>
<entry key="49" type="xboolean" value="true"/>
<entry key="50" type="xboolean" value="true"/>
<entry key="51" type="xboolean" value="true"/>
<entry key="52" type="xboolean" value="true"/>
<entry key="53" type="xboolean" value="true"/>
<entry key="54" type="xboolean" value="true"/>
<entry key="55" type="xboolean" value="true"/>
<entry key="56" type="xboolean" value="true"/>
<entry key="57" type="xboolean" value="true"/>
<entry key="58" type="xboolean" value="true"/>
<entry key="59" type="xboolean" value="true"/>
<entry key="60" type="xboolean" value="true"/>
<entry key="61" type="xboolean" value="true"/>
<entry key="62" type="xboolean" value="true"/>
<entry key="63" type="xboolean" value="true"/>
<entry key="64" type="xboolean" value="true"/>
<entry key="65" type="xboolean" value="true"/>
<entry key="66" type="xboolean" value="true"/>
<entry key="67" type="xboolean" value="true"/>
<entry key="68" type="xboolean" value="true"/>
<entry key="69" type="xboolean" value="true"/>
<entry key="70" type="xboolean" value="true"/>
<entry key="71" type="xboolean" value="true"/>
<entry key="72" type="xboolean" value="true"/>
<entry key="73" type="xboolean" value="true"/>
<entry key="74" type="xboolean" value="true"/>
<entry key="75" type="xboolean" value="true"/>
<entry key="76" type="xboolean" value="true"/>
<entry key="77" type="xboolean" value="true"/>
<entry key="78" type="xboolean" value="true"/>
<entry key="79" type="xboolean" value="true"/>
<entry key="80" type="xboolean" value="true"/>
<entry key="81" type="xboolean" value="true"/>
<entry key="82" type="xboolean" value="true"/>
<entry key="83" type="xboolean" value="true"/>
<entry key="84" type="xboolean" value="true"/>
<entry key="85" type="xboolean" value="true"/>
<entry key="86" type="xboolean" value="true"/>
<entry key="87" type="xboolean" value="true"/>
<entry key="88" type="xboolean" value="true"/>
<entry key="89" type="xboolean" value="true"/>
<entry key="90" type="xboolean" value="true"/>
<entry key="91" type="xboolean" value="true"/>
<entry key="92" type="xboolean" value="true"/>
<entry key="93" type="xboolean" value="true"/>
<entry key="94" type="xboolean" value="true"/>
<entry key="95" type="xboolean" value="true"/>
<entry key="96" type="xboolean" value="true"/>
<entry key="97" type="xboolean" value="true"/>
<entry key="98" type="xboolean" value="true"/>
<entry key="99" type="xboolean" value="true"/>
<entry key="100" type="xboolean" value="true"/>
<entry key="101" type="xboolean" value="true"/>
<entry key="102" type="xboolean" value="true"/>
<entry key="103" type="xboolean" value="true"/>
<entry key="104" type="xboolean" value="true"/>
<entry key="105" type="xboolean" value="true"/>
<entry key="106" type="xboolean" value="true"/>
<entry key="107" type="xboolean" value="true"/>
<entry key="108" type="xboolean" value="true"/>
<entry key="109" type="xboolean" value="true"/>
<entry key="110" type="xboolean" value="true"/>
<entry key="111" type="xboolean" value="true"/>
<entry key="112" type="xboolean" value="true"/>
<entry key="113" type="xboolean" value="true"/>
<entry key="114" type="xboolean" value="true"/>
<entry key="115" type="xboolean" value="true"/>
<entry key="116" type="xboolean" value="true"/>
<entry key="117" type="xboolean" value="true"/>
<entry key="118" type="xboolean" value="true"/>
<entry key="119" type="xboolean" value="true"/>
<entry key="120" type="xboolean" value="true"/>
<entry key="121" type="xboolean" value="true"/>
<entry key="122" type="xboolean" value="true"/>
<entry key="123" type="xboolean" value="true"/>
<entry key="124" type="xboolean" value="true"/>
<entry key="125" type="xboolean" value="true"/>
<entry key="126" type="xboolean" value="true"/>
<entry key="127" type="xboolean" value="true"/>
<entry key="128" type="xboolean" value="true"/>
<entry key="129" type="xboolean" value="true"/>
<entry key="130" type="xboolean" value="true"/>
<entry key="131" type="xboolean" value="true"/>
<entry key="132" type="xboolean" value="true"/>
<entry key="133" type="xboolean" value="true"/>
<entry key="134" type="xboolean" value="true"/>
<entry key="135" type="xboolean" value="true"/>
<entry key="136" type="xboolean" value="true"/>
<entry key="137" type="xboolean" value="true"/>
<entry key="138" type="xboolean" value="true"/>
<entry key="139" type="xboolean" value="true"/>
<entry key="140" type="xboolean" value="true"/>
<entry key="141" type="xboolean" value="true"/>
<entry key="142" type="xboolean" value="true"/>
<entry key="143" type="xboolean" value="true"/>
<entry key="144" type="xboolean" value="true"/>
<entry key="145" type="xboolean" value="true"/>
<entry key="146" type="xboolean" value="true"/>
<entry key="147" type="xboolean" value="true"/>
<entry key="148" type="xboolean" value="true"/>
<entry key="149" type="xboolean" value="true"/>
<entry key="150" type="xboolean" value="true"/>
<entry key="151" type="xboolean" value="true"/>
<entry key="152" type="xboolean" value="true"/>
<entry key="153" type="xboolean" value="true"/>
<entry key="154" type="xboolean" value="true"/>
<entry key="155" type="xboolean" value="true"/>
<entry key="156" type="xboolean" value="true"/>
<entry key="157" type="xboolean" value="true"/>
<entry key="158" type="xboolean" value="true"/>
<entry key="159" type="xboolean" value="true"/>
<entry key="160" type="xboolean" value="true"/>
<entry key="161" type="xboolean" value="true"/>
<entry key="162" type="xboolean" value="true"/>
<entry key="163" type="xboolean" value="true"/>
<entry key="164" type="xboolean" value="true"/>
<entry key="165" type="xboolean" value="true"/>
<entry key="166" type="xboolean" value="true"/>
<entry key="167" type="xboolean" value="true"/>
<entry key="168" type="xboolean" value="true"/>
<entry key="169" type="xboolean" value="true"/>
<entry key="170" type="xboolean" value="true"/>
<entry key="171" type="xboolean" value="true"/>
<entry key="172" type="xboolean" value="true"/>
<entry key="173" type="xboolean" value="true"/>
<entry key="174" type="xboolean" value="true"/>
<entry key="175" type="xboolean" value="true"/>
<entry key="176" type="xboolean" value="true"/>
<entry key="177" type="xboolean" value="true"/>
<entry key="178" type="xboolean" value="true"/>
<entry key="179" type="xboolean" value="true"/>
<entry key="180" type="xboolean" value="true"/>
<entry key="181" type="xboolean" value="true"/>
<entry key="182" type="xboolean" value="true"/>
<entry key="183" type="xboolean" value="true"/>
<entry key="184" type="xboolean" value="true"/>
<entry key="185" type="xboolean" value="true"/>
<entry key="186" type="xboolean" value="true"/>
<entry key="187" type="xboolean" value="true"/>
<entry key="188" type="xboolean" value="true"/>
<entry key="189" type="xboolean" value="true"/>
<entry key="190" type="xboolean" value="true"/>
<entry key="191" type="xboolean" value="true"/>
<entry key="192" type="xboolean" value="true"/>
<entry key="193" type="xboolean" value="true"/>
<entry key="194" type="xboolean" value="true"/>
<entry key="195" type="xboolean" value="true"/>
<entry key="196" type="xboolean" value="true"/>
<entry key="197" type="xboolean" value="true"/>
<entry key="198" type="xboolean" value="true"/>
<entry key="199" type="xboolean" value="true"/>
<entry key="200" type="xboolean" value="true"/>
<entry key="201" type="xboolean" value="true"/>
<entry key="202" type="xboolean" value="true"/>
<entry key="203" type="xboolean" value="true"/>
<entry key="204" type="xboolean" value="true"/>
<entry key="205" type="xboolean" value="true"/>
<entry key="206" type="xboolean" value="true"/>
<entry key="207" type="xboolean" value="true"/>
<entry key="208" type="xboolean" value="true"/>
<entry key="209" type="xboolean" value="true"/>
<entry key="210" type="xboolean" value="true"/>
<entry key="211" type="xboolean" value="true"/>
<entry key="212" type="xboolean" value="true"/>
<entry key="213" type="xboolean" value="true"/>
<entry key="214" type="xboolean" value="true"/>
<entry key="215" type="xboolean" value="true"/>
<entry key="216" type="xboolean" value="true"/>
<entry key="217" type="xboolean" value="true"/>
<entry key="218" type="xboolean" value="true"/>
<entry key="219" type="xboolean" value="true"/>
<entry key="220" type="xboolean" value="true"/>
<entry key="221" type="xboolean" value="true"/>
<entry key="222" type="xboolean" value="true"/>
<entry key="223" type="xboolean" value="true"/>
<entry key="224" type="xboolean" value="true"/>
<entry key="225" type="xboolean" value="true"/>
<entry key="226" type="xboolean" value="true"/>
<entry key="227" type="xboolean" value="true"/>
<entry key="228" type="xboolean" value="true"/>
<entry key="229" type="xboolean" value="true"/>
<entry key="230" type="xboolean" value="true"/>
<entry key="231" type="xboolean" value="true"/>
<entry key="232" type="xboolean" value="true"/>
<entry key="233" type="xboolean" value="true"/>
<entry key="234" type="xboolean" value="true"/>
<entry key="235" type="xboolean" value="true"/>
<entry key="236" type="xboolean" value="true"/>
<entry key="237" type="xboolean" value="true"/>
<entry key="238" type="xboolean" value="true"/>
<entry key="239" type="xboolean" value="true"/>
<entry key="240" type="xboolean" value="true"/>
<entry key="241" type="xboolean" value="true"/>
<entry key="242" type="xboolean" value="true"/>
<entry key="243" type="xboolean" value="true"/>
<entry key="244" type="xboolean" value="true"/>
<entry key="245" type="xboolean" value="true"/>
<entry key="246" type="xboolean" value="true"/>
<entry key="247" type="xboolean" value="true"/>
<entry key="248" type="xboolean" value="true"/>
<entry key="249" type="xboolean" value="true"/>
<entry key="250" type="xboolean" value="true"/>
<entry key="251" type="xboolean" value="true"/>
<entry key="252" type="xboolean" value="true"/>
<entry key="253" type="xboolean" value="true"/>
<entry key="254" type="xboolean" value="true"/>
<entry key="255" type="xboolean" value="true"/>
<entry key="256" type="xboolean" value="true"/>
<entry key="257" type="xboolean" value="true"/>
<entry key="258" type="xboolean" value="true"/>
<entry key="259" type="xboolean" value="true"/>
<entry key="260" type="xboolean" value="true"/>
<entry key="261" type="xboolean" value="true"/>
<entry key="262" type="xboolean" value="true"/>
<entry key="263" type="xboolean" value="true"/>
<entry key="264" type="xboolean" value="true"/>
<entry key="265" type="xboolean" value="true"/>
<entry key="266" type="xboolean" value="true"/>
<entry key="267" type="xboolean" value="true"/>
<entry key="268" type="xboolean" value="true"/>
<entry key="269" type="xboolean" value="true"/>
<entry key="270" type="xboolean" value="true"/>
<entry key="271" type="xboolean" value="true"/>
<entry key="272" type="xboolean" value="true"/>
<entry key="273" type="xboolean" value="true"/>
<entry key="274" type="xboolean" value="true"/>
<entry key="275" type="xboolean" value="true"/>
<entry key="276" type="xboolean" value="true"/>
<entry key="277" type="xboolean" value="true"/>
<entry key="278" type="xboolean" value="true"/>
<entry key="279" type="xboolean" value="true"/>
</config>
</config>
<entry key="table_file_name" type="xstring" isnull="true" value=""/>
</config>
