<?xml version="1.0" encoding="UTF-8"?>
<config xmlns="http://www.knime.org/2008/09/XMLConfig" xmlns:xsi="http://www.w3.org/2001/XMLSchema-instance" xsi:schemaLocation="http://www.knime.org/2008/09/XMLConfig http://www.knime.org/XMLConfig_2008_09.xsd" key="filestore">
<config key="filestore_keys">
<config key="filestore_key_0">
<entry key="storeUUID" type="xstring" value="25f21329-4aa1-4e4d-8688-6662f98fa676"/>
<entry key="index" type="xint" value="0"/>
<entry key="name" type="xstring" value="d4ff27ba-b370-4db4-bece-05fb8ef15dd8"/>
<entry key="iterationIndex" type="xint" value="-1"/>
</config>
</config>
</config>
