<?xml version="1.0" encoding="UTF-8"?>
<config xmlns="http://www.knime.org/2008/09/XMLConfig" xmlns:xsi="http://www.w3.org/2001/XMLSchema-instance" xsi:schemaLocation="http://www.knime.org/2008/09/XMLConfig http://www.knime.org/XMLConfig_2008_09.xsd" key="table_meta_info">
<entry key="table_ID" type="xint" value="403"/>
<entry key="table_type" type="xstring" value="rearrange_columns_table_compressed"/>
<entry key="table_compression_format" type="xstring" value="SNAPPY"/>
<config key="table_references">
<entry key="array-size" type="xint" value="0"/>
</config>
<config key="meta_internal">
<entry key="table_reference_ID" type="xint" value="401"/>
<config key="table_internal_map">
<entry key="array-size" type="xint" value="1006"/>
<entry key="0" type="xint" value="0"/>
<entry key="1" type="xint" value="1"/>
<entry key="2" type="xint" value="2"/>
<entry key="3" type="xint" value="3"/>
<entry key="4" type="xint" value="4"/>
<entry key="5" type="xint" value="5"/>
<entry key="6" type="xint" value="6"/>
<entry key="7" type="xint" value="7"/>
<entry key="8" type="xint" value="8"/>
<entry key="9" type="xint" value="9"/>
<entry key="10" type="xint" value="10"/>
<entry key="11" type="xint" value="11"/>
<entry key="12" type="xint" value="12"/>
<entry key="13" type="xint" value="13"/>
<entry key="14" type="xint" value="14"/>
<entry key="15" type="xint" value="15"/>
<entry key="16" type="xint" value="16"/>
<entry key="17" type="xint" value="17"/>
<entry key="18" type="xint" value="18"/>
<entry key="19" type="xint" value="19"/>
<entry key="20" type="xint" value="20"/>
<entry key="21" type="xint" value="21"/>
<entry key="22" type="xint" value="22"/>
<entry key="23" type="xint" value="23"/>
<entry key="24" type="xint" value="24"/>
<entry key="25" type="xint" value="25"/>
<entry key="26" type="xint" value="26"/>
<entry key="27" type="xint" value="27"/>
<entry key="28" type="xint" value="28"/>
<entry key="29" type="xint" value="29"/>
<entry key="30" type="xint" value="30"/>
<entry key="31" type="xint" value="31"/>
<entry key="32" type="xint" value="32"/>
<entry key="33" type="xint" value="33"/>
<entry key="34" type="xint" value="34"/>
<entry key="35" type="xint" value="35"/>
<entry key="36" type="xint" value="36"/>
<entry key="37" type="xint" value="37"/>
<entry key="38" type="xint" value="38"/>
<entry key="39" type="xint" value="39"/>
<entry key="40" type="xint" value="40"/>
<entry key="41" type="xint" value="41"/>
<entry key="42" type="xint" value="42"/>
<entry key="43" type="xint" value="43"/>
<entry key="44" type="xint" value="44"/>
<entry key="45" type="xint" value="45"/>
<entry key="46" type="xint" value="46"/>
<entry key="47" type="xint" value="47"/>
<entry key="48" type="xint" value="48"/>
<entry key="49" type="xint" value="49"/>
<entry key="50" type="xint" value="50"/>
<entry key="51" type="xint" value="51"/>
<entry key="52" type="xint" value="52"/>
<entry key="53" type="xint" value="53"/>
<entry key="54" type="xint" value="54"/>
<entry key="55" type="xint" value="55"/>
<entry key="56" type="xint" value="56"/>
<entry key="57" type="xint" value="57"/>
<entry key="58" type="xint" value="58"/>
<entry key="59" type="xint" value="59"/>
<entry key="60" type="xint" value="60"/>
<entry key="61" type="xint" value="61"/>
<entry key="62" type="xint" value="62"/>
<entry key="63" type="xint" value="63"/>
<entry key="64" type="xint" value="64"/>
<entry key="65" type="xint" value="65"/>
<entry key="66" type="xint" value="66"/>
<entry key="67" type="xint" value="67"/>
<entry key="68" type="xint" value="68"/>
<entry key="69" type="xint" value="69"/>
<entry key="70" type="xint" value="70"/>
<entry key="71" type="xint" value="71"/>
<entry key="72" type="xint" value="72"/>
<entry key="73" type="xint" value="73"/>
<entry key="74" type="xint" value="74"/>
<entry key="75" type="xint" value="75"/>
<entry key="76" type="xint" value="76"/>
<entry key="77" type="xint" value="77"/>
<entry key="78" type="xint" value="78"/>
<entry key="79" type="xint" value="79"/>
<entry key="80" type="xint" value="80"/>
<entry key="81" type="xint" value="81"/>
<entry key="82" type="xint" value="82"/>
<entry key="83" type="xint" value="83"/>
<entry key="84" type="xint" value="84"/>
<entry key="85" type="xint" value="85"/>
<entry key="86" type="xint" value="86"/>
<entry key="87" type="xint" value="87"/>
<entry key="88" type="xint" value="88"/>
<entry key="89" type="xint" value="89"/>
<entry key="90" type="xint" value="90"/>
<entry key="91" type="xint" value="91"/>
<entry key="92" type="xint" value="92"/>
<entry key="93" type="xint" value="93"/>
<entry key="94" type="xint" value="94"/>
<entry key="95" type="xint" value="95"/>
<entry key="96" type="xint" value="96"/>
<entry key="97" type="xint" value="97"/>
<entry key="98" type="xint" value="98"/>
<entry key="99" type="xint" value="99"/>
<entry key="100" type="xint" value="100"/>
<entry key="101" type="xint" value="101"/>
<entry key="102" type="xint" value="102"/>
<entry key="103" type="xint" value="103"/>
<entry key="104" type="xint" value="104"/>
<entry key="105" type="xint" value="105"/>
<entry key="106" type="xint" value="106"/>
<entry key="107" type="xint" value="107"/>
<entry key="108" type="xint" value="108"/>
<entry key="109" type="xint" value="109"/>
<entry key="110" type="xint" value="110"/>
<entry key="111" type="xint" value="111"/>
<entry key="112" type="xint" value="112"/>
<entry key="113" type="xint" value="113"/>
<entry key="114" type="xint" value="114"/>
<entry key="115" type="xint" value="115"/>
<entry key="116" type="xint" value="116"/>
<entry key="117" type="xint" value="117"/>
<entry key="118" type="xint" value="118"/>
<entry key="119" type="xint" value="119"/>
<entry key="120" type="xint" value="120"/>
<entry key="121" type="xint" value="121"/>
<entry key="122" type="xint" value="122"/>
<entry key="123" type="xint" value="123"/>
<entry key="124" type="xint" value="124"/>
<entry key="125" type="xint" value="125"/>
<entry key="126" type="xint" value="126"/>
<entry key="127" type="xint" value="127"/>
<entry key="128" type="xint" value="128"/>
<entry key="129" type="xint" value="129"/>
<entry key="130" type="xint" value="130"/>
<entry key="131" type="xint" value="131"/>
<entry key="132" type="xint" value="132"/>
<entry key="133" type="xint" value="133"/>
<entry key="134" type="xint" value="134"/>
<entry key="135" type="xint" value="135"/>
<entry key="136" type="xint" value="136"/>
<entry key="137" type="xint" value="137"/>
<entry key="138" type="xint" value="138"/>
<entry key="139" type="xint" value="139"/>
<entry key="140" type="xint" value="140"/>
<entry key="141" type="xint" value="141"/>
<entry key="142" type="xint" value="142"/>
<entry key="143" type="xint" value="143"/>
<entry key="144" type="xint" value="144"/>
<entry key="145" type="xint" value="145"/>
<entry key="146" type="xint" value="146"/>
<entry key="147" type="xint" value="147"/>
<entry key="148" type="xint" value="148"/>
<entry key="149" type="xint" value="149"/>
<entry key="150" type="xint" value="150"/>
<entry key="151" type="xint" value="151"/>
<entry key="152" type="xint" value="152"/>
<entry key="153" type="xint" value="153"/>
<entry key="154" type="xint" value="154"/>
<entry key="155" type="xint" value="155"/>
<entry key="156" type="xint" value="156"/>
<entry key="157" type="xint" value="157"/>
<entry key="158" type="xint" value="158"/>
<entry key="159" type="xint" value="159"/>
<entry key="160" type="xint" value="160"/>
<entry key="161" type="xint" value="161"/>
<entry key="162" type="xint" value="162"/>
<entry key="163" type="xint" value="163"/>
<entry key="164" type="xint" value="164"/>
<entry key="165" type="xint" value="165"/>
<entry key="166" type="xint" value="166"/>
<entry key="167" type="xint" value="167"/>
<entry key="168" type="xint" value="168"/>
<entry key="169" type="xint" value="169"/>
<entry key="170" type="xint" value="170"/>
<entry key="171" type="xint" value="171"/>
<entry key="172" type="xint" value="172"/>
<entry key="173" type="xint" value="173"/>
<entry key="174" type="xint" value="174"/>
<entry key="175" type="xint" value="175"/>
<entry key="176" type="xint" value="176"/>
<entry key="177" type="xint" value="177"/>
<entry key="178" type="xint" value="178"/>
<entry key="179" type="xint" value="179"/>
<entry key="180" type="xint" value="180"/>
<entry key="181" type="xint" value="181"/>
<entry key="182" type="xint" value="182"/>
<entry key="183" type="xint" value="183"/>
<entry key="184" type="xint" value="184"/>
<entry key="185" type="xint" value="185"/>
<entry key="186" type="xint" value="186"/>
<entry key="187" type="xint" value="187"/>
<entry key="188" type="xint" value="188"/>
<entry key="189" type="xint" value="189"/>
<entry key="190" type="xint" value="190"/>
<entry key="191" type="xint" value="191"/>
<entry key="192" type="xint" value="192"/>
<entry key="193" type="xint" value="193"/>
<entry key="194" type="xint" value="194"/>
<entry key="195" type="xint" value="195"/>
<entry key="196" type="xint" value="196"/>
<entry key="197" type="xint" value="197"/>
<entry key="198" type="xint" value="198"/>
<entry key="199" type="xint" value="199"/>
<entry key="200" type="xint" value="200"/>
<entry key="201" type="xint" value="201"/>
<entry key="202" type="xint" value="202"/>
<entry key="203" type="xint" value="203"/>
<entry key="204" type="xint" value="204"/>
<entry key="205" type="xint" value="205"/>
<entry key="206" type="xint" value="206"/>
<entry key="207" type="xint" value="207"/>
<entry key="208" type="xint" value="208"/>
<entry key="209" type="xint" value="209"/>
<entry key="210" type="xint" value="210"/>
<entry key="211" type="xint" value="211"/>
<entry key="212" type="xint" value="212"/>
<entry key="213" type="xint" value="213"/>
<entry key="214" type="xint" value="214"/>
<entry key="215" type="xint" value="215"/>
<entry key="216" type="xint" value="216"/>
<entry key="217" type="xint" value="217"/>
<entry key="218" type="xint" value="218"/>
<entry key="219" type="xint" value="219"/>
<entry key="220" type="xint" value="220"/>
<entry key="221" type="xint" value="221"/>
<entry key="222" type="xint" value="222"/>
<entry key="223" type="xint" value="223"/>
<entry key="224" type="xint" value="224"/>
<entry key="225" type="xint" value="225"/>
<entry key="226" type="xint" value="226"/>
<entry key="227" type="xint" value="227"/>
<entry key="228" type="xint" value="228"/>
<entry key="229" type="xint" value="229"/>
<entry key="230" type="xint" value="230"/>
<entry key="231" type="xint" value="231"/>
<entry key="232" type="xint" value="232"/>
<entry key="233" type="xint" value="233"/>
<entry key="234" type="xint" value="234"/>
<entry key="235" type="xint" value="235"/>
<entry key="236" type="xint" value="236"/>
<entry key="237" type="xint" value="237"/>
<entry key="238" type="xint" value="238"/>
<entry key="239" type="xint" value="239"/>
<entry key="240" type="xint" value="240"/>
<entry key="241" type="xint" value="241"/>
<entry key="242" type="xint" value="242"/>
<entry key="243" type="xint" value="243"/>
<entry key="244" type="xint" value="244"/>
<entry key="245" type="xint" value="245"/>
<entry key="246" type="xint" value="246"/>
<entry key="247" type="xint" value="247"/>
<entry key="248" type="xint" value="248"/>
<entry key="249" type="xint" value="249"/>
<entry key="250" type="xint" value="250"/>
<entry key="251" type="xint" value="251"/>
<entry key="252" type="xint" value="252"/>
<entry key="253" type="xint" value="253"/>
<entry key="254" type="xint" value="254"/>
<entry key="255" type="xint" value="255"/>
<entry key="256" type="xint" value="256"/>
<entry key="257" type="xint" value="257"/>
<entry key="258" type="xint" value="258"/>
<entry key="259" type="xint" value="259"/>
<entry key="260" type="xint" value="260"/>
<entry key="261" type="xint" value="261"/>
<entry key="262" type="xint" value="262"/>
<entry key="263" type="xint" value="263"/>
<entry key="264" type="xint" value="264"/>
<entry key="265" type="xint" value="265"/>
<entry key="266" type="xint" value="266"/>
<entry key="267" type="xint" value="267"/>
<entry key="268" type="xint" value="268"/>
<entry key="269" type="xint" value="269"/>
<entry key="270" type="xint" value="270"/>
<entry key="271" type="xint" value="271"/>
<entry key="272" type="xint" value="272"/>
<entry key="273" type="xint" value="273"/>
<entry key="274" type="xint" value="274"/>
<entry key="275" type="xint" value="275"/>
<entry key="276" type="xint" value="276"/>
<entry key="277" type="xint" value="277"/>
<entry key="278" type="xint" value="278"/>
<entry key="279" type="xint" value="279"/>
<entry key="280" type="xint" value="280"/>
<entry key="281" type="xint" value="281"/>
<entry key="282" type="xint" value="282"/>
<entry key="283" type="xint" value="283"/>
<entry key="284" type="xint" value="284"/>
<entry key="285" type="xint" value="285"/>
<entry key="286" type="xint" value="286"/>
<entry key="287" type="xint" value="287"/>
<entry key="288" type="xint" value="288"/>
<entry key="289" type="xint" value="289"/>
<entry key="290" type="xint" value="290"/>
<entry key="291" type="xint" value="291"/>
<entry key="292" type="xint" value="292"/>
<entry key="293" type="xint" value="293"/>
<entry key="294" type="xint" value="294"/>
<entry key="295" type="xint" value="295"/>
<entry key="296" type="xint" value="296"/>
<entry key="297" type="xint" value="297"/>
<entry key="298" type="xint" value="298"/>
<entry key="299" type="xint" value="299"/>
<entry key="300" type="xint" value="300"/>
<entry key="301" type="xint" value="301"/>
<entry key="302" type="xint" value="302"/>
<entry key="303" type="xint" value="303"/>
<entry key="304" type="xint" value="304"/>
<entry key="305" type="xint" value="305"/>
<entry key="306" type="xint" value="306"/>
<entry key="307" type="xint" value="307"/>
<entry key="308" type="xint" value="308"/>
<entry key="309" type="xint" value="309"/>
<entry key="310" type="xint" value="310"/>
<entry key="311" type="xint" value="311"/>
<entry key="312" type="xint" value="312"/>
<entry key="313" type="xint" value="313"/>
<entry key="314" type="xint" value="314"/>
<entry key="315" type="xint" value="315"/>
<entry key="316" type="xint" value="316"/>
<entry key="317" type="xint" value="317"/>
<entry key="318" type="xint" value="318"/>
<entry key="319" type="xint" value="319"/>
<entry key="320" type="xint" value="320"/>
<entry key="321" type="xint" value="321"/>
<entry key="322" type="xint" value="322"/>
<entry key="323" type="xint" value="323"/>
<entry key="324" type="xint" value="324"/>
<entry key="325" type="xint" value="325"/>
<entry key="326" type="xint" value="326"/>
<entry key="327" type="xint" value="327"/>
<entry key="328" type="xint" value="328"/>
<entry key="329" type="xint" value="329"/>
<entry key="330" type="xint" value="330"/>
<entry key="331" type="xint" value="331"/>
<entry key="332" type="xint" value="332"/>
<entry key="333" type="xint" value="333"/>
<entry key="334" type="xint" value="334"/>
<entry key="335" type="xint" value="335"/>
<entry key="336" type="xint" value="336"/>
<entry key="337" type="xint" value="337"/>
<entry key="338" type="xint" value="338"/>
<entry key="339" type="xint" value="339"/>
<entry key="340" type="xint" value="340"/>
<entry key="341" type="xint" value="341"/>
<entry key="342" type="xint" value="342"/>
<entry key="343" type="xint" value="343"/>
<entry key="344" type="xint" value="344"/>
<entry key="345" type="xint" value="345"/>
<entry key="346" type="xint" value="346"/>
<entry key="347" type="xint" value="347"/>
<entry key="348" type="xint" value="348"/>
<entry key="349" type="xint" value="349"/>
<entry key="350" type="xint" value="350"/>
<entry key="351" type="xint" value="351"/>
<entry key="352" type="xint" value="352"/>
<entry key="353" type="xint" value="353"/>
<entry key="354" type="xint" value="354"/>
<entry key="355" type="xint" value="355"/>
<entry key="356" type="xint" value="356"/>
<entry key="357" type="xint" value="357"/>
<entry key="358" type="xint" value="358"/>
<entry key="359" type="xint" value="359"/>
<entry key="360" type="xint" value="360"/>
<entry key="361" type="xint" value="361"/>
<entry key="362" type="xint" value="362"/>
<entry key="363" type="xint" value="363"/>
<entry key="364" type="xint" value="364"/>
<entry key="365" type="xint" value="365"/>
<entry key="366" type="xint" value="366"/>
<entry key="367" type="xint" value="367"/>
<entry key="368" type="xint" value="368"/>
<entry key="369" type="xint" value="369"/>
<entry key="370" type="xint" value="370"/>
<entry key="371" type="xint" value="371"/>
<entry key="372" type="xint" value="372"/>
<entry key="373" type="xint" value="373"/>
<entry key="374" type="xint" value="374"/>
<entry key="375" type="xint" value="375"/>
<entry key="376" type="xint" value="376"/>
<entry key="377" type="xint" value="377"/>
<entry key="378" type="xint" value="378"/>
<entry key="379" type="xint" value="379"/>
<entry key="380" type="xint" value="380"/>
<entry key="381" type="xint" value="381"/>
<entry key="382" type="xint" value="382"/>
<entry key="383" type="xint" value="383"/>
<entry key="384" type="xint" value="384"/>
<entry key="385" type="xint" value="385"/>
<entry key="386" type="xint" value="386"/>
<entry key="387" type="xint" value="387"/>
<entry key="388" type="xint" value="388"/>
<entry key="389" type="xint" value="389"/>
<entry key="390" type="xint" value="390"/>
<entry key="391" type="xint" value="391"/>
<entry key="392" type="xint" value="392"/>
<entry key="393" type="xint" value="393"/>
<entry key="394" type="xint" value="394"/>
<entry key="395" type="xint" value="395"/>
<entry key="396" type="xint" value="396"/>
<entry key="397" type="xint" value="397"/>
<entry key="398" type="xint" value="398"/>
<entry key="399" type="xint" value="399"/>
<entry key="400" type="xint" value="400"/>
<entry key="401" type="xint" value="401"/>
<entry key="402" type="xint" value="402"/>
<entry key="403" type="xint" value="403"/>
<entry key="404" type="xint" value="404"/>
<entry key="405" type="xint" value="405"/>
<entry key="406" type="xint" value="406"/>
<entry key="407" type="xint" value="407"/>
<entry key="408" type="xint" value="408"/>
<entry key="409" type="xint" value="409"/>
<entry key="410" type="xint" value="410"/>
<entry key="411" type="xint" value="411"/>
<entry key="412" type="xint" value="412"/>
<entry key="413" type="xint" value="413"/>
<entry key="414" type="xint" value="414"/>
<entry key="415" type="xint" value="415"/>
<entry key="416" type="xint" value="416"/>
<entry key="417" type="xint" value="417"/>
<entry key="418" type="xint" value="418"/>
<entry key="419" type="xint" value="419"/>
<entry key="420" type="xint" value="420"/>
<entry key="421" type="xint" value="421"/>
<entry key="422" type="xint" value="422"/>
<entry key="423" type="xint" value="423"/>
<entry key="424" type="xint" value="424"/>
<entry key="425" type="xint" value="425"/>
<entry key="426" type="xint" value="426"/>
<entry key="427" type="xint" value="427"/>
<entry key="428" type="xint" value="428"/>
<entry key="429" type="xint" value="429"/>
<entry key="430" type="xint" value="430"/>
<entry key="431" type="xint" value="431"/>
<entry key="432" type="xint" value="432"/>
<entry key="433" type="xint" value="433"/>
<entry key="434" type="xint" value="434"/>
<entry key="435" type="xint" value="435"/>
<entry key="436" type="xint" value="436"/>
<entry key="437" type="xint" value="437"/>
<entry key="438" type="xint" value="438"/>
<entry key="439" type="xint" value="439"/>
<entry key="440" type="xint" value="440"/>
<entry key="441" type="xint" value="441"/>
<entry key="442" type="xint" value="442"/>
<entry key="443" type="xint" value="443"/>
<entry key="444" type="xint" value="444"/>
<entry key="445" type="xint" value="445"/>
<entry key="446" type="xint" value="446"/>
<entry key="447" type="xint" value="447"/>
<entry key="448" type="xint" value="448"/>
<entry key="449" type="xint" value="449"/>
<entry key="450" type="xint" value="450"/>
<entry key="451" type="xint" value="451"/>
<entry key="452" type="xint" value="452"/>
<entry key="453" type="xint" value="453"/>
<entry key="454" type="xint" value="454"/>
<entry key="455" type="xint" value="455"/>
<entry key="456" type="xint" value="456"/>
<entry key="457" type="xint" value="457"/>
<entry key="458" type="xint" value="458"/>
<entry key="459" type="xint" value="459"/>
<entry key="460" type="xint" value="460"/>
<entry key="461" type="xint" value="461"/>
<entry key="462" type="xint" value="462"/>
<entry key="463" type="xint" value="463"/>
<entry key="464" type="xint" value="464"/>
<entry key="465" type="xint" value="465"/>
<entry key="466" type="xint" value="466"/>
<entry key="467" type="xint" value="467"/>
<entry key="468" type="xint" value="468"/>
<entry key="469" type="xint" value="469"/>
<entry key="470" type="xint" value="470"/>
<entry key="471" type="xint" value="471"/>
<entry key="472" type="xint" value="472"/>
<entry key="473" type="xint" value="473"/>
<entry key="474" type="xint" value="474"/>
<entry key="475" type="xint" value="475"/>
<entry key="476" type="xint" value="476"/>
<entry key="477" type="xint" value="477"/>
<entry key="478" type="xint" value="478"/>
<entry key="479" type="xint" value="479"/>
<entry key="480" type="xint" value="480"/>
<entry key="481" type="xint" value="481"/>
<entry key="482" type="xint" value="482"/>
<entry key="483" type="xint" value="483"/>
<entry key="484" type="xint" value="484"/>
<entry key="485" type="xint" value="485"/>
<entry key="486" type="xint" value="486"/>
<entry key="487" type="xint" value="487"/>
<entry key="488" type="xint" value="488"/>
<entry key="489" type="xint" value="489"/>
<entry key="490" type="xint" value="490"/>
<entry key="491" type="xint" value="491"/>
<entry key="492" type="xint" value="492"/>
<entry key="493" type="xint" value="493"/>
<entry key="494" type="xint" value="494"/>
<entry key="495" type="xint" value="495"/>
<entry key="496" type="xint" value="496"/>
<entry key="497" type="xint" value="497"/>
<entry key="498" type="xint" value="498"/>
<entry key="499" type="xint" value="499"/>
<entry key="500" type="xint" value="500"/>
<entry key="501" type="xint" value="501"/>
<entry key="502" type="xint" value="502"/>
<entry key="503" type="xint" value="503"/>
<entry key="504" type="xint" value="504"/>
<entry key="505" type="xint" value="505"/>
<entry key="506" type="xint" value="506"/>
<entry key="507" type="xint" value="507"/>
<entry key="508" type="xint" value="508"/>
<entry key="509" type="xint" value="509"/>
<entry key="510" type="xint" value="510"/>
<entry key="511" type="xint" value="511"/>
<entry key="512" type="xint" value="512"/>
<entry key="513" type="xint" value="513"/>
<entry key="514" type="xint" value="514"/>
<entry key="515" type="xint" value="515"/>
<entry key="516" type="xint" value="516"/>
<entry key="517" type="xint" value="517"/>
<entry key="518" type="xint" value="518"/>
<entry key="519" type="xint" value="519"/>
<entry key="520" type="xint" value="520"/>
<entry key="521" type="xint" value="521"/>
<entry key="522" type="xint" value="522"/>
<entry key="523" type="xint" value="523"/>
<entry key="524" type="xint" value="524"/>
<entry key="525" type="xint" value="525"/>
<entry key="526" type="xint" value="526"/>
<entry key="527" type="xint" value="527"/>
<entry key="528" type="xint" value="528"/>
<entry key="529" type="xint" value="529"/>
<entry key="530" type="xint" value="530"/>
<entry key="531" type="xint" value="531"/>
<entry key="532" type="xint" value="532"/>
<entry key="533" type="xint" value="533"/>
<entry key="534" type="xint" value="534"/>
<entry key="535" type="xint" value="535"/>
<entry key="536" type="xint" value="536"/>
<entry key="537" type="xint" value="537"/>
<entry key="538" type="xint" value="538"/>
<entry key="539" type="xint" value="539"/>
<entry key="540" type="xint" value="540"/>
<entry key="541" type="xint" value="541"/>
<entry key="542" type="xint" value="542"/>
<entry key="543" type="xint" value="543"/>
<entry key="544" type="xint" value="544"/>
<entry key="545" type="xint" value="545"/>
<entry key="546" type="xint" value="546"/>
<entry key="547" type="xint" value="547"/>
<entry key="548" type="xint" value="548"/>
<entry key="549" type="xint" value="549"/>
<entry key="550" type="xint" value="550"/>
<entry key="551" type="xint" value="551"/>
<entry key="552" type="xint" value="552"/>
<entry key="553" type="xint" value="553"/>
<entry key="554" type="xint" value="554"/>
<entry key="555" type="xint" value="555"/>
<entry key="556" type="xint" value="556"/>
<entry key="557" type="xint" value="557"/>
<entry key="558" type="xint" value="558"/>
<entry key="559" type="xint" value="559"/>
<entry key="560" type="xint" value="560"/>
<entry key="561" type="xint" value="561"/>
<entry key="562" type="xint" value="562"/>
<entry key="563" type="xint" value="563"/>
<entry key="564" type="xint" value="564"/>
<entry key="565" type="xint" value="565"/>
<entry key="566" type="xint" value="566"/>
<entry key="567" type="xint" value="567"/>
<entry key="568" type="xint" value="568"/>
<entry key="569" type="xint" value="569"/>
<entry key="570" type="xint" value="570"/>
<entry key="571" type="xint" value="571"/>
<entry key="572" type="xint" value="572"/>
<entry key="573" type="xint" value="573"/>
<entry key="574" type="xint" value="574"/>
<entry key="575" type="xint" value="575"/>
<entry key="576" type="xint" value="576"/>
<entry key="577" type="xint" value="577"/>
<entry key="578" type="xint" value="578"/>
<entry key="579" type="xint" value="579"/>
<entry key="580" type="xint" value="580"/>
<entry key="581" type="xint" value="581"/>
<entry key="582" type="xint" value="582"/>
<entry key="583" type="xint" value="583"/>
<entry key="584" type="xint" value="584"/>
<entry key="585" type="xint" value="585"/>
<entry key="586" type="xint" value="586"/>
<entry key="587" type="xint" value="587"/>
<entry key="588" type="xint" value="588"/>
<entry key="589" type="xint" value="589"/>
<entry key="590" type="xint" value="590"/>
<entry key="591" type="xint" value="591"/>
<entry key="592" type="xint" value="592"/>
<entry key="593" type="xint" value="593"/>
<entry key="594" type="xint" value="594"/>
<entry key="595" type="xint" value="595"/>
<entry key="596" type="xint" value="596"/>
<entry key="597" type="xint" value="597"/>
<entry key="598" type="xint" value="598"/>
<entry key="599" type="xint" value="599"/>
<entry key="600" type="xint" value="600"/>
<entry key="601" type="xint" value="601"/>
<entry key="602" type="xint" value="602"/>
<entry key="603" type="xint" value="603"/>
<entry key="604" type="xint" value="604"/>
<entry key="605" type="xint" value="605"/>
<entry key="606" type="xint" value="606"/>
<entry key="607" type="xint" value="607"/>
<entry key="608" type="xint" value="608"/>
<entry key="609" type="xint" value="609"/>
<entry key="610" type="xint" value="610"/>
<entry key="611" type="xint" value="611"/>
<entry key="612" type="xint" value="612"/>
<entry key="613" type="xint" value="613"/>
<entry key="614" type="xint" value="614"/>
<entry key="615" type="xint" value="615"/>
<entry key="616" type="xint" value="616"/>
<entry key="617" type="xint" value="617"/>
<entry key="618" type="xint" value="618"/>
<entry key="619" type="xint" value="619"/>
<entry key="620" type="xint" value="620"/>
<entry key="621" type="xint" value="621"/>
<entry key="622" type="xint" value="622"/>
<entry key="623" type="xint" value="623"/>
<entry key="624" type="xint" value="624"/>
<entry key="625" type="xint" value="625"/>
<entry key="626" type="xint" value="626"/>
<entry key="627" type="xint" value="627"/>
<entry key="628" type="xint" value="628"/>
<entry key="629" type="xint" value="629"/>
<entry key="630" type="xint" value="630"/>
<entry key="631" type="xint" value="631"/>
<entry key="632" type="xint" value="632"/>
<entry key="633" type="xint" value="633"/>
<entry key="634" type="xint" value="634"/>
<entry key="635" type="xint" value="635"/>
<entry key="636" type="xint" value="636"/>
<entry key="637" type="xint" value="637"/>
<entry key="638" type="xint" value="638"/>
<entry key="639" type="xint" value="639"/>
<entry key="640" type="xint" value="640"/>
<entry key="641" type="xint" value="641"/>
<entry key="642" type="xint" value="642"/>
<entry key="643" type="xint" value="643"/>
<entry key="644" type="xint" value="644"/>
<entry key="645" type="xint" value="645"/>
<entry key="646" type="xint" value="646"/>
<entry key="647" type="xint" value="647"/>
<entry key="648" type="xint" value="648"/>
<entry key="649" type="xint" value="649"/>
<entry key="650" type="xint" value="650"/>
<entry key="651" type="xint" value="651"/>
<entry key="652" type="xint" value="652"/>
<entry key="653" type="xint" value="653"/>
<entry key="654" type="xint" value="654"/>
<entry key="655" type="xint" value="655"/>
<entry key="656" type="xint" value="656"/>
<entry key="657" type="xint" value="657"/>
<entry key="658" type="xint" value="658"/>
<entry key="659" type="xint" value="659"/>
<entry key="660" type="xint" value="660"/>
<entry key="661" type="xint" value="661"/>
<entry key="662" type="xint" value="662"/>
<entry key="663" type="xint" value="663"/>
<entry key="664" type="xint" value="664"/>
<entry key="665" type="xint" value="665"/>
<entry key="666" type="xint" value="666"/>
<entry key="667" type="xint" value="667"/>
<entry key="668" type="xint" value="668"/>
<entry key="669" type="xint" value="669"/>
<entry key="670" type="xint" value="670"/>
<entry key="671" type="xint" value="671"/>
<entry key="672" type="xint" value="672"/>
<entry key="673" type="xint" value="673"/>
<entry key="674" type="xint" value="674"/>
<entry key="675" type="xint" value="675"/>
<entry key="676" type="xint" value="676"/>
<entry key="677" type="xint" value="677"/>
<entry key="678" type="xint" value="678"/>
<entry key="679" type="xint" value="679"/>
<entry key="680" type="xint" value="680"/>
<entry key="681" type="xint" value="681"/>
<entry key="682" type="xint" value="682"/>
<entry key="683" type="xint" value="683"/>
<entry key="684" type="xint" value="684"/>
<entry key="685" type="xint" value="685"/>
<entry key="686" type="xint" value="686"/>
<entry key="687" type="xint" value="687"/>
<entry key="688" type="xint" value="688"/>
<entry key="689" type="xint" value="689"/>
<entry key="690" type="xint" value="690"/>
<entry key="691" type="xint" value="691"/>
<entry key="692" type="xint" value="692"/>
<entry key="693" type="xint" value="693"/>
<entry key="694" type="xint" value="694"/>
<entry key="695" type="xint" value="695"/>
<entry key="696" type="xint" value="696"/>
<entry key="697" type="xint" value="697"/>
<entry key="698" type="xint" value="698"/>
<entry key="699" type="xint" value="699"/>
<entry key="700" type="xint" value="700"/>
<entry key="701" type="xint" value="701"/>
<entry key="702" type="xint" value="702"/>
<entry key="703" type="xint" value="703"/>
<entry key="704" type="xint" value="704"/>
<entry key="705" type="xint" value="705"/>
<entry key="706" type="xint" value="706"/>
<entry key="707" type="xint" value="707"/>
<entry key="708" type="xint" value="708"/>
<entry key="709" type="xint" value="709"/>
<entry key="710" type="xint" value="710"/>
<entry key="711" type="xint" value="711"/>
<entry key="712" type="xint" value="712"/>
<entry key="713" type="xint" value="713"/>
<entry key="714" type="xint" value="714"/>
<entry key="715" type="xint" value="715"/>
<entry key="716" type="xint" value="716"/>
<entry key="717" type="xint" value="717"/>
<entry key="718" type="xint" value="718"/>
<entry key="719" type="xint" value="719"/>
<entry key="720" type="xint" value="720"/>
<entry key="721" type="xint" value="721"/>
<entry key="722" type="xint" value="722"/>
<entry key="723" type="xint" value="723"/>
<entry key="724" type="xint" value="724"/>
<entry key="725" type="xint" value="725"/>
<entry key="726" type="xint" value="726"/>
<entry key="727" type="xint" value="727"/>
<entry key="728" type="xint" value="728"/>
<entry key="729" type="xint" value="729"/>
<entry key="730" type="xint" value="730"/>
<entry key="731" type="xint" value="731"/>
<entry key="732" type="xint" value="732"/>
<entry key="733" type="xint" value="733"/>
<entry key="734" type="xint" value="734"/>
<entry key="735" type="xint" value="735"/>
<entry key="736" type="xint" value="736"/>
<entry key="737" type="xint" value="737"/>
<entry key="738" type="xint" value="738"/>
<entry key="739" type="xint" value="739"/>
<entry key="740" type="xint" value="740"/>
<entry key="741" type="xint" value="741"/>
<entry key="742" type="xint" value="742"/>
<entry key="743" type="xint" value="743"/>
<entry key="744" type="xint" value="744"/>
<entry key="745" type="xint" value="745"/>
<entry key="746" type="xint" value="746"/>
<entry key="747" type="xint" value="747"/>
<entry key="748" type="xint" value="748"/>
<entry key="749" type="xint" value="749"/>
<entry key="750" type="xint" value="750"/>
<entry key="751" type="xint" value="751"/>
<entry key="752" type="xint" value="752"/>
<entry key="753" type="xint" value="753"/>
<entry key="754" type="xint" value="754"/>
<entry key="755" type="xint" value="755"/>
<entry key="756" type="xint" value="756"/>
<entry key="757" type="xint" value="757"/>
<entry key="758" type="xint" value="758"/>
<entry key="759" type="xint" value="759"/>
<entry key="760" type="xint" value="760"/>
<entry key="761" type="xint" value="761"/>
<entry key="762" type="xint" value="762"/>
<entry key="763" type="xint" value="763"/>
<entry key="764" type="xint" value="764"/>
<entry key="765" type="xint" value="765"/>
<entry key="766" type="xint" value="766"/>
<entry key="767" type="xint" value="767"/>
<entry key="768" type="xint" value="768"/>
<entry key="769" type="xint" value="769"/>
<entry key="770" type="xint" value="770"/>
<entry key="771" type="xint" value="771"/>
<entry key="772" type="xint" value="772"/>
<entry key="773" type="xint" value="773"/>
<entry key="774" type="xint" value="774"/>
<entry key="775" type="xint" value="775"/>
<entry key="776" type="xint" value="776"/>
<entry key="777" type="xint" value="777"/>
<entry key="778" type="xint" value="778"/>
<entry key="779" type="xint" value="779"/>
<entry key="780" type="xint" value="780"/>
<entry key="781" type="xint" value="781"/>
<entry key="782" type="xint" value="782"/>
<entry key="783" type="xint" value="783"/>
<entry key="784" type="xint" value="784"/>
<entry key="785" type="xint" value="785"/>
<entry key="786" type="xint" value="786"/>
<entry key="787" type="xint" value="787"/>
<entry key="788" type="xint" value="788"/>
<entry key="789" type="xint" value="789"/>
<entry key="790" type="xint" value="790"/>
<entry key="791" type="xint" value="791"/>
<entry key="792" type="xint" value="792"/>
<entry key="793" type="xint" value="793"/>
<entry key="794" type="xint" value="794"/>
<entry key="795" type="xint" value="795"/>
<entry key="796" type="xint" value="796"/>
<entry key="797" type="xint" value="797"/>
<entry key="798" type="xint" value="798"/>
<entry key="799" type="xint" value="799"/>
<entry key="800" type="xint" value="800"/>
<entry key="801" type="xint" value="801"/>
<entry key="802" type="xint" value="802"/>
<entry key="803" type="xint" value="803"/>
<entry key="804" type="xint" value="804"/>
<entry key="805" type="xint" value="805"/>
<entry key="806" type="xint" value="806"/>
<entry key="807" type="xint" value="807"/>
<entry key="808" type="xint" value="808"/>
<entry key="809" type="xint" value="809"/>
<entry key="810" type="xint" value="810"/>
<entry key="811" type="xint" value="811"/>
<entry key="812" type="xint" value="812"/>
<entry key="813" type="xint" value="813"/>
<entry key="814" type="xint" value="814"/>
<entry key="815" type="xint" value="815"/>
<entry key="816" type="xint" value="816"/>
<entry key="817" type="xint" value="817"/>
<entry key="818" type="xint" value="818"/>
<entry key="819" type="xint" value="819"/>
<entry key="820" type="xint" value="820"/>
<entry key="821" type="xint" value="821"/>
<entry key="822" type="xint" value="822"/>
<entry key="823" type="xint" value="823"/>
<entry key="824" type="xint" value="824"/>
<entry key="825" type="xint" value="825"/>
<entry key="826" type="xint" value="826"/>
<entry key="827" type="xint" value="827"/>
<entry key="828" type="xint" value="828"/>
<entry key="829" type="xint" value="829"/>
<entry key="830" type="xint" value="830"/>
<entry key="831" type="xint" value="831"/>
<entry key="832" type="xint" value="832"/>
<entry key="833" type="xint" value="833"/>
<entry key="834" type="xint" value="834"/>
<entry key="835" type="xint" value="835"/>
<entry key="836" type="xint" value="836"/>
<entry key="837" type="xint" value="837"/>
<entry key="838" type="xint" value="838"/>
<entry key="839" type="xint" value="839"/>
<entry key="840" type="xint" value="840"/>
<entry key="841" type="xint" value="841"/>
<entry key="842" type="xint" value="842"/>
<entry key="843" type="xint" value="843"/>
<entry key="844" type="xint" value="844"/>
<entry key="845" type="xint" value="845"/>
<entry key="846" type="xint" value="846"/>
<entry key="847" type="xint" value="847"/>
<entry key="848" type="xint" value="848"/>
<entry key="849" type="xint" value="849"/>
<entry key="850" type="xint" value="850"/>
<entry key="851" type="xint" value="851"/>
<entry key="852" type="xint" value="852"/>
<entry key="853" type="xint" value="853"/>
<entry key="854" type="xint" value="854"/>
<entry key="855" type="xint" value="855"/>
<entry key="856" type="xint" value="856"/>
<entry key="857" type="xint" value="857"/>
<entry key="858" type="xint" value="858"/>
<entry key="859" type="xint" value="859"/>
<entry key="860" type="xint" value="860"/>
<entry key="861" type="xint" value="861"/>
<entry key="862" type="xint" value="862"/>
<entry key="863" type="xint" value="863"/>
<entry key="864" type="xint" value="864"/>
<entry key="865" type="xint" value="865"/>
<entry key="866" type="xint" value="866"/>
<entry key="867" type="xint" value="867"/>
<entry key="868" type="xint" value="868"/>
<entry key="869" type="xint" value="869"/>
<entry key="870" type="xint" value="870"/>
<entry key="871" type="xint" value="871"/>
<entry key="872" type="xint" value="872"/>
<entry key="873" type="xint" value="873"/>
<entry key="874" type="xint" value="874"/>
<entry key="875" type="xint" value="875"/>
<entry key="876" type="xint" value="876"/>
<entry key="877" type="xint" value="877"/>
<entry key="878" type="xint" value="878"/>
<entry key="879" type="xint" value="879"/>
<entry key="880" type="xint" value="880"/>
<entry key="881" type="xint" value="881"/>
<entry key="882" type="xint" value="882"/>
<entry key="883" type="xint" value="883"/>
<entry key="884" type="xint" value="884"/>
<entry key="885" type="xint" value="885"/>
<entry key="886" type="xint" value="886"/>
<entry key="887" type="xint" value="887"/>
<entry key="888" type="xint" value="888"/>
<entry key="889" type="xint" value="889"/>
<entry key="890" type="xint" value="890"/>
<entry key="891" type="xint" value="891"/>
<entry key="892" type="xint" value="892"/>
<entry key="893" type="xint" value="893"/>
<entry key="894" type="xint" value="894"/>
<entry key="895" type="xint" value="895"/>
<entry key="896" type="xint" value="896"/>
<entry key="897" type="xint" value="897"/>
<entry key="898" type="xint" value="898"/>
<entry key="899" type="xint" value="899"/>
<entry key="900" type="xint" value="900"/>
<entry key="901" type="xint" value="901"/>
<entry key="902" type="xint" value="902"/>
<entry key="903" type="xint" value="903"/>
<entry key="904" type="xint" value="904"/>
<entry key="905" type="xint" value="905"/>
<entry key="906" type="xint" value="906"/>
<entry key="907" type="xint" value="907"/>
<entry key="908" type="xint" value="908"/>
<entry key="909" type="xint" value="909"/>
<entry key="910" type="xint" value="910"/>
<entry key="911" type="xint" value="911"/>
<entry key="912" type="xint" value="912"/>
<entry key="913" type="xint" value="913"/>
<entry key="914" type="xint" value="914"/>
<entry key="915" type="xint" value="915"/>
<entry key="916" type="xint" value="916"/>
<entry key="917" type="xint" value="917"/>
<entry key="918" type="xint" value="918"/>
<entry key="919" type="xint" value="919"/>
<entry key="920" type="xint" value="920"/>
<entry key="921" type="xint" value="921"/>
<entry key="922" type="xint" value="922"/>
<entry key="923" type="xint" value="923"/>
<entry key="924" type="xint" value="924"/>
<entry key="925" type="xint" value="925"/>
<entry key="926" type="xint" value="926"/>
<entry key="927" type="xint" value="927"/>
<entry key="928" type="xint" value="928"/>
<entry key="929" type="xint" value="929"/>
<entry key="930" type="xint" value="930"/>
<entry key="931" type="xint" value="931"/>
<entry key="932" type="xint" value="932"/>
<entry key="933" type="xint" value="933"/>
<entry key="934" type="xint" value="934"/>
<entry key="935" type="xint" value="935"/>
<entry key="936" type="xint" value="936"/>
<entry key="937" type="xint" value="937"/>
<entry key="938" type="xint" value="938"/>
<entry key="939" type="xint" value="939"/>
<entry key="940" type="xint" value="940"/>
<entry key="941" type="xint" value="941"/>
<entry key="942" type="xint" value="942"/>
<entry key="943" type="xint" value="943"/>
<entry key="944" type="xint" value="944"/>
<entry key="945" type="xint" value="945"/>
<entry key="946" type="xint" value="946"/>
<entry key="947" type="xint" value="947"/>
<entry key="948" type="xint" value="948"/>
<entry key="949" type="xint" value="949"/>
<entry key="950" type="xint" value="950"/>
<entry key="951" type="xint" value="951"/>
<entry key="952" type="xint" value="952"/>
<entry key="953" type="xint" value="953"/>
<entry key="954" type="xint" value="954"/>
<entry key="955" type="xint" value="955"/>
<entry key="956" type="xint" value="956"/>
<entry key="957" type="xint" value="957"/>
<entry key="958" type="xint" value="958"/>
<entry key="959" type="xint" value="959"/>
<entry key="960" type="xint" value="960"/>
<entry key="961" type="xint" value="961"/>
<entry key="962" type="xint" value="962"/>
<entry key="963" type="xint" value="963"/>
<entry key="964" type="xint" value="964"/>
<entry key="965" type="xint" value="965"/>
<entry key="966" type="xint" value="966"/>
<entry key="967" type="xint" value="967"/>
<entry key="968" type="xint" value="968"/>
<entry key="969" type="xint" value="969"/>
<entry key="970" type="xint" value="970"/>
<entry key="971" type="xint" value="971"/>
<entry key="972" type="xint" value="972"/>
<entry key="973" type="xint" value="973"/>
<entry key="974" type="xint" value="974"/>
<entry key="975" type="xint" value="975"/>
<entry key="976" type="xint" value="976"/>
<entry key="977" type="xint" value="977"/>
<entry key="978" type="xint" value="978"/>
<entry key="979" type="xint" value="979"/>
<entry key="980" type="xint" value="980"/>
<entry key="981" type="xint" value="981"/>
<entry key="982" type="xint" value="982"/>
<entry key="983" type="xint" value="983"/>
<entry key="984" type="xint" value="984"/>
<entry key="985" type="xint" value="985"/>
<entry key="986" type="xint" value="986"/>
<entry key="987" type="xint" value="987"/>
<entry key="988" type="xint" value="988"/>
<entry key="989" type="xint" value="989"/>
<entry key="990" type="xint" value="990"/>
<entry key="991" type="xint" value="991"/>
<entry key="992" type="xint" value="992"/>
<entry key="993" type="xint" value="993"/>
<entry key="994" type="xint" value="994"/>
<entry key="995" type="xint" value="995"/>
<entry key="996" type="xint" value="996"/>
<entry key="997" type="xint" value="997"/>
<entry key="998" type="xint" value="998"/>
<entry key="999" type="xint" value="999"/>
<entry key="1000" type="xint" value="1000"/>
<entry key="1001" type="xint" value="0"/>
<entry key="1002" type="xint" value="1"/>
<entry key="1003" type="xint" value="2"/>
<entry key="1004" type="xint" value="3"/>
<entry key="1005" type="xint" value="4"/>
</config>
<config key="table_internal_flags">
<entry key="array-size" type="xint" value="1006"/>
<entry key="0" type="xboolean" value="true"/>
<entry key="1" type="xboolean" value="true"/>
<entry key="2" type="xboolean" value="true"/>
<entry key="3" type="xboolean" value="true"/>
<entry key="4" type="xboolean" value="true"/>
<entry key="5" type="xboolean" value="true"/>
<entry key="6" type="xboolean" value="true"/>
<entry key="7" type="xboolean" value="true"/>
<entry key="8" type="xboolean" value="true"/>
<entry key="9" type="xboolean" value="true"/>
<entry key="10" type="xboolean" value="true"/>
<entry key="11" type="xboolean" value="true"/>
<entry key="12" type="xboolean" value="true"/>
<entry key="13" type="xboolean" value="true"/>
<entry key="14" type="xboolean" value="true"/>
<entry key="15" type="xboolean" value="true"/>
<entry key="16" type="xboolean" value="true"/>
<entry key="17" type="xboolean" value="true"/>
<entry key="18" type="xboolean" value="true"/>
<entry key="19" type="xboolean" value="true"/>
<entry key="20" type="xboolean" value="true"/>
<entry key="21" type="xboolean" value="true"/>
<entry key="22" type="xboolean" value="true"/>
<entry key="23" type="xboolean" value="true"/>
<entry key="24" type="xboolean" value="true"/>
<entry key="25" type="xboolean" value="true"/>
<entry key="26" type="xboolean" value="true"/>
<entry key="27" type="xboolean" value="true"/>
<entry key="28" type="xboolean" value="true"/>
<entry key="29" type="xboolean" value="true"/>
<entry key="30" type="xboolean" value="true"/>
<entry key="31" type="xboolean" value="true"/>
<entry key="32" type="xboolean" value="true"/>
<entry key="33" type="xboolean" value="true"/>
<entry key="34" type="xboolean" value="true"/>
<entry key="35" type="xboolean" value="true"/>
<entry key="36" type="xboolean" value="true"/>
<entry key="37" type="xboolean" value="true"/>
<entry key="38" type="xboolean" value="true"/>
<entry key="39" type="xboolean" value="true"/>
<entry key="40" type="xboolean" value="true"/>
<entry key="41" type="xboolean" value="true"/>
<entry key="42" type="xboolean" value="true"/>
<entry key="43" type="xboolean" value="true"/>
<entry key="44" type="xboolean" value="true"/>
<entry key="45" type="xboolean" value="true"/>
<entry key="46" type="xboolean" value="true"/>
<entry key="47" type="xboolean" value="true"/>
<entry key="48" type="xboolean" value="true"/>
<entry key="49" type="xboolean" value="true"/>
<entry key="50" type="xboolean" value="true"/>
<entry key="51" type="xboolean" value="true"/>
<entry key="52" type="xboolean" value="true"/>
<entry key="53" type="xboolean" value="true"/>
<entry key="54" type="xboolean" value="true"/>
<entry key="55" type="xboolean" value="true"/>
<entry key="56" type="xboolean" value="true"/>
<entry key="57" type="xboolean" value="true"/>
<entry key="58" type="xboolean" value="true"/>
<entry key="59" type="xboolean" value="true"/>
<entry key="60" type="xboolean" value="true"/>
<entry key="61" type="xboolean" value="true"/>
<entry key="62" type="xboolean" value="true"/>
<entry key="63" type="xboolean" value="true"/>
<entry key="64" type="xboolean" value="true"/>
<entry key="65" type="xboolean" value="true"/>
<entry key="66" type="xboolean" value="true"/>
<entry key="67" type="xboolean" value="true"/>
<entry key="68" type="xboolean" value="true"/>
<entry key="69" type="xboolean" value="true"/>
<entry key="70" type="xboolean" value="true"/>
<entry key="71" type="xboolean" value="true"/>
<entry key="72" type="xboolean" value="true"/>
<entry key="73" type="xboolean" value="true"/>
<entry key="74" type="xboolean" value="true"/>
<entry key="75" type="xboolean" value="true"/>
<entry key="76" type="xboolean" value="true"/>
<entry key="77" type="xboolean" value="true"/>
<entry key="78" type="xboolean" value="true"/>
<entry key="79" type="xboolean" value="true"/>
<entry key="80" type="xboolean" value="true"/>
<entry key="81" type="xboolean" value="true"/>
<entry key="82" type="xboolean" value="true"/>
<entry key="83" type="xboolean" value="true"/>
<entry key="84" type="xboolean" value="true"/>
<entry key="85" type="xboolean" value="true"/>
<entry key="86" type="xboolean" value="true"/>
<entry key="87" type="xboolean" value="true"/>
<entry key="88" type="xboolean" value="true"/>
<entry key="89" type="xboolean" value="true"/>
<entry key="90" type="xboolean" value="true"/>
<entry key="91" type="xboolean" value="true"/>
<entry key="92" type="xboolean" value="true"/>
<entry key="93" type="xboolean" value="true"/>
<entry key="94" type="xboolean" value="true"/>
<entry key="95" type="xboolean" value="true"/>
<entry key="96" type="xboolean" value="true"/>
<entry key="97" type="xboolean" value="true"/>
<entry key="98" type="xboolean" value="true"/>
<entry key="99" type="xboolean" value="true"/>
<entry key="100" type="xboolean" value="true"/>
<entry key="101" type="xboolean" value="true"/>
<entry key="102" type="xboolean" value="true"/>
<entry key="103" type="xboolean" value="true"/>
<entry key="104" type="xboolean" value="true"/>
<entry key="105" type="xboolean" value="true"/>
<entry key="106" type="xboolean" value="true"/>
<entry key="107" type="xboolean" value="true"/>
<entry key="108" type="xboolean" value="true"/>
<entry key="109" type="xboolean" value="true"/>
<entry key="110" type="xboolean" value="true"/>
<entry key="111" type="xboolean" value="true"/>
<entry key="112" type="xboolean" value="true"/>
<entry key="113" type="xboolean" value="true"/>
<entry key="114" type="xboolean" value="true"/>
<entry key="115" type="xboolean" value="true"/>
<entry key="116" type="xboolean" value="true"/>
<entry key="117" type="xboolean" value="true"/>
<entry key="118" type="xboolean" value="true"/>
<entry key="119" type="xboolean" value="true"/>
<entry key="120" type="xboolean" value="true"/>
<entry key="121" type="xboolean" value="true"/>
<entry key="122" type="xboolean" value="true"/>
<entry key="123" type="xboolean" value="true"/>
<entry key="124" type="xboolean" value="true"/>
<entry key="125" type="xboolean" value="true"/>
<entry key="126" type="xboolean" value="true"/>
<entry key="127" type="xboolean" value="true"/>
<entry key="128" type="xboolean" value="true"/>
<entry key="129" type="xboolean" value="true"/>
<entry key="130" type="xboolean" value="true"/>
<entry key="131" type="xboolean" value="true"/>
<entry key="132" type="xboolean" value="true"/>
<entry key="133" type="xboolean" value="true"/>
<entry key="134" type="xboolean" value="true"/>
<entry key="135" type="xboolean" value="true"/>
<entry key="136" type="xboolean" value="true"/>
<entry key="137" type="xboolean" value="true"/>
<entry key="138" type="xboolean" value="true"/>
<entry key="139" type="xboolean" value="true"/>
<entry key="140" type="xboolean" value="true"/>
<entry key="141" type="xboolean" value="true"/>
<entry key="142" type="xboolean" value="true"/>
<entry key="143" type="xboolean" value="true"/>
<entry key="144" type="xboolean" value="true"/>
<entry key="145" type="xboolean" value="true"/>
<entry key="146" type="xboolean" value="true"/>
<entry key="147" type="xboolean" value="true"/>
<entry key="148" type="xboolean" value="true"/>
<entry key="149" type="xboolean" value="true"/>
<entry key="150" type="xboolean" value="true"/>
<entry key="151" type="xboolean" value="true"/>
<entry key="152" type="xboolean" value="true"/>
<entry key="153" type="xboolean" value="true"/>
<entry key="154" type="xboolean" value="true"/>
<entry key="155" type="xboolean" value="true"/>
<entry key="156" type="xboolean" value="true"/>
<entry key="157" type="xboolean" value="true"/>
<entry key="158" type="xboolean" value="true"/>
<entry key="159" type="xboolean" value="true"/>
<entry key="160" type="xboolean" value="true"/>
<entry key="161" type="xboolean" value="true"/>
<entry key="162" type="xboolean" value="true"/>
<entry key="163" type="xboolean" value="true"/>
<entry key="164" type="xboolean" value="true"/>
<entry key="165" type="xboolean" value="true"/>
<entry key="166" type="xboolean" value="true"/>
<entry key="167" type="xboolean" value="true"/>
<entry key="168" type="xboolean" value="true"/>
<entry key="169" type="xboolean" value="true"/>
<entry key="170" type="xboolean" value="true"/>
<entry key="171" type="xboolean" value="true"/>
<entry key="172" type="xboolean" value="true"/>
<entry key="173" type="xboolean" value="true"/>
<entry key="174" type="xboolean" value="true"/>
<entry key="175" type="xboolean" value="true"/>
<entry key="176" type="xboolean" value="true"/>
<entry key="177" type="xboolean" value="true"/>
<entry key="178" type="xboolean" value="true"/>
<entry key="179" type="xboolean" value="true"/>
<entry key="180" type="xboolean" value="true"/>
<entry key="181" type="xboolean" value="true"/>
<entry key="182" type="xboolean" value="true"/>
<entry key="183" type="xboolean" value="true"/>
<entry key="184" type="xboolean" value="true"/>
<entry key="185" type="xboolean" value="true"/>
<entry key="186" type="xboolean" value="true"/>
<entry key="187" type="xboolean" value="true"/>
<entry key="188" type="xboolean" value="true"/>
<entry key="189" type="xboolean" value="true"/>
<entry key="190" type="xboolean" value="true"/>
<entry key="191" type="xboolean" value="true"/>
<entry key="192" type="xboolean" value="true"/>
<entry key="193" type="xboolean" value="true"/>
<entry key="194" type="xboolean" value="true"/>
<entry key="195" type="xboolean" value="true"/>
<entry key="196" type="xboolean" value="true"/>
<entry key="197" type="xboolean" value="true"/>
<entry key="198" type="xboolean" value="true"/>
<entry key="199" type="xboolean" value="true"/>
<entry key="200" type="xboolean" value="true"/>
<entry key="201" type="xboolean" value="true"/>
<entry key="202" type="xboolean" value="true"/>
<entry key="203" type="xboolean" value="true"/>
<entry key="204" type="xboolean" value="true"/>
<entry key="205" type="xboolean" value="true"/>
<entry key="206" type="xboolean" value="true"/>
<entry key="207" type="xboolean" value="true"/>
<entry key="208" type="xboolean" value="true"/>
<entry key="209" type="xboolean" value="true"/>
<entry key="210" type="xboolean" value="true"/>
<entry key="211" type="xboolean" value="true"/>
<entry key="212" type="xboolean" value="true"/>
<entry key="213" type="xboolean" value="true"/>
<entry key="214" type="xboolean" value="true"/>
<entry key="215" type="xboolean" value="true"/>
<entry key="216" type="xboolean" value="true"/>
<entry key="217" type="xboolean" value="true"/>
<entry key="218" type="xboolean" value="true"/>
<entry key="219" type="xboolean" value="true"/>
<entry key="220" type="xboolean" value="true"/>
<entry key="221" type="xboolean" value="true"/>
<entry key="222" type="xboolean" value="true"/>
<entry key="223" type="xboolean" value="true"/>
<entry key="224" type="xboolean" value="true"/>
<entry key="225" type="xboolean" value="true"/>
<entry key="226" type="xboolean" value="true"/>
<entry key="227" type="xboolean" value="true"/>
<entry key="228" type="xboolean" value="true"/>
<entry key="229" type="xboolean" value="true"/>
<entry key="230" type="xboolean" value="true"/>
<entry key="231" type="xboolean" value="true"/>
<entry key="232" type="xboolean" value="true"/>
<entry key="233" type="xboolean" value="true"/>
<entry key="234" type="xboolean" value="true"/>
<entry key="235" type="xboolean" value="true"/>
<entry key="236" type="xboolean" value="true"/>
<entry key="237" type="xboolean" value="true"/>
<entry key="238" type="xboolean" value="true"/>
<entry key="239" type="xboolean" value="true"/>
<entry key="240" type="xboolean" value="true"/>
<entry key="241" type="xboolean" value="true"/>
<entry key="242" type="xboolean" value="true"/>
<entry key="243" type="xboolean" value="true"/>
<entry key="244" type="xboolean" value="true"/>
<entry key="245" type="xboolean" value="true"/>
<entry key="246" type="xboolean" value="true"/>
<entry key="247" type="xboolean" value="true"/>
<entry key="248" type="xboolean" value="true"/>
<entry key="249" type="xboolean" value="true"/>
<entry key="250" type="xboolean" value="true"/>
<entry key="251" type="xboolean" value="true"/>
<entry key="252" type="xboolean" value="true"/>
<entry key="253" type="xboolean" value="true"/>
<entry key="254" type="xboolean" value="true"/>
<entry key="255" type="xboolean" value="true"/>
<entry key="256" type="xboolean" value="true"/>
<entry key="257" type="xboolean" value="true"/>
<entry key="258" type="xboolean" value="true"/>
<entry key="259" type="xboolean" value="true"/>
<entry key="260" type="xboolean" value="true"/>
<entry key="261" type="xboolean" value="true"/>
<entry key="262" type="xboolean" value="true"/>
<entry key="263" type="xboolean" value="true"/>
<entry key="264" type="xboolean" value="true"/>
<entry key="265" type="xboolean" value="true"/>
<entry key="266" type="xboolean" value="true"/>
<entry key="267" type="xboolean" value="true"/>
<entry key="268" type="xboolean" value="true"/>
<entry key="269" type="xboolean" value="true"/>
<entry key="270" type="xboolean" value="true"/>
<entry key="271" type="xboolean" value="true"/>
<entry key="272" type="xboolean" value="true"/>
<entry key="273" type="xboolean" value="true"/>
<entry key="274" type="xboolean" value="true"/>
<entry key="275" type="xboolean" value="true"/>
<entry key="276" type="xboolean" value="true"/>
<entry key="277" type="xboolean" value="true"/>
<entry key="278" type="xboolean" value="true"/>
<entry key="279" type="xboolean" value="true"/>
<entry key="280" type="xboolean" value="true"/>
<entry key="281" type="xboolean" value="true"/>
<entry key="282" type="xboolean" value="true"/>
<entry key="283" type="xboolean" value="true"/>
<entry key="284" type="xboolean" value="true"/>
<entry key="285" type="xboolean" value="true"/>
<entry key="286" type="xboolean" value="true"/>
<entry key="287" type="xboolean" value="true"/>
<entry key="288" type="xboolean" value="true"/>
<entry key="289" type="xboolean" value="true"/>
<entry key="290" type="xboolean" value="true"/>
<entry key="291" type="xboolean" value="true"/>
<entry key="292" type="xboolean" value="true"/>
<entry key="293" type="xboolean" value="true"/>
<entry key="294" type="xboolean" value="true"/>
<entry key="295" type="xboolean" value="true"/>
<entry key="296" type="xboolean" value="true"/>
<entry key="297" type="xboolean" value="true"/>
<entry key="298" type="xboolean" value="true"/>
<entry key="299" type="xboolean" value="true"/>
<entry key="300" type="xboolean" value="true"/>
<entry key="301" type="xboolean" value="true"/>
<entry key="302" type="xboolean" value="true"/>
<entry key="303" type="xboolean" value="true"/>
<entry key="304" type="xboolean" value="true"/>
<entry key="305" type="xboolean" value="true"/>
<entry key="306" type="xboolean" value="true"/>
<entry key="307" type="xboolean" value="true"/>
<entry key="308" type="xboolean" value="true"/>
<entry key="309" type="xboolean" value="true"/>
<entry key="310" type="xboolean" value="true"/>
<entry key="311" type="xboolean" value="true"/>
<entry key="312" type="xboolean" value="true"/>
<entry key="313" type="xboolean" value="true"/>
<entry key="314" type="xboolean" value="true"/>
<entry key="315" type="xboolean" value="true"/>
<entry key="316" type="xboolean" value="true"/>
<entry key="317" type="xboolean" value="true"/>
<entry key="318" type="xboolean" value="true"/>
<entry key="319" type="xboolean" value="true"/>
<entry key="320" type="xboolean" value="true"/>
<entry key="321" type="xboolean" value="true"/>
<entry key="322" type="xboolean" value="true"/>
<entry key="323" type="xboolean" value="true"/>
<entry key="324" type="xboolean" value="true"/>
<entry key="325" type="xboolean" value="true"/>
<entry key="326" type="xboolean" value="true"/>
<entry key="327" type="xboolean" value="true"/>
<entry key="328" type="xboolean" value="true"/>
<entry key="329" type="xboolean" value="true"/>
<entry key="330" type="xboolean" value="true"/>
<entry key="331" type="xboolean" value="true"/>
<entry key="332" type="xboolean" value="true"/>
<entry key="333" type="xboolean" value="true"/>
<entry key="334" type="xboolean" value="true"/>
<entry key="335" type="xboolean" value="true"/>
<entry key="336" type="xboolean" value="true"/>
<entry key="337" type="xboolean" value="true"/>
<entry key="338" type="xboolean" value="true"/>
<entry key="339" type="xboolean" value="true"/>
<entry key="340" type="xboolean" value="true"/>
<entry key="341" type="xboolean" value="true"/>
<entry key="342" type="xboolean" value="true"/>
<entry key="343" type="xboolean" value="true"/>
<entry key="344" type="xboolean" value="true"/>
<entry key="345" type="xboolean" value="true"/>
<entry key="346" type="xboolean" value="true"/>
<entry key="347" type="xboolean" value="true"/>
<entry key="348" type="xboolean" value="true"/>
<entry key="349" type="xboolean" value="true"/>
<entry key="350" type="xboolean" value="true"/>
<entry key="351" type="xboolean" value="true"/>
<entry key="352" type="xboolean" value="true"/>
<entry key="353" type="xboolean" value="true"/>
<entry key="354" type="xboolean" value="true"/>
<entry key="355" type="xboolean" value="true"/>
<entry key="356" type="xboolean" value="true"/>
<entry key="357" type="xboolean" value="true"/>
<entry key="358" type="xboolean" value="true"/>
<entry key="359" type="xboolean" value="true"/>
<entry key="360" type="xboolean" value="true"/>
<entry key="361" type="xboolean" value="true"/>
<entry key="362" type="xboolean" value="true"/>
<entry key="363" type="xboolean" value="true"/>
<entry key="364" type="xboolean" value="true"/>
<entry key="365" type="xboolean" value="true"/>
<entry key="366" type="xboolean" value="true"/>
<entry key="367" type="xboolean" value="true"/>
<entry key="368" type="xboolean" value="true"/>
<entry key="369" type="xboolean" value="true"/>
<entry key="370" type="xboolean" value="true"/>
<entry key="371" type="xboolean" value="true"/>
<entry key="372" type="xboolean" value="true"/>
<entry key="373" type="xboolean" value="true"/>
<entry key="374" type="xboolean" value="true"/>
<entry key="375" type="xboolean" value="true"/>
<entry key="376" type="xboolean" value="true"/>
<entry key="377" type="xboolean" value="true"/>
<entry key="378" type="xboolean" value="true"/>
<entry key="379" type="xboolean" value="true"/>
<entry key="380" type="xboolean" value="true"/>
<entry key="381" type="xboolean" value="true"/>
<entry key="382" type="xboolean" value="true"/>
<entry key="383" type="xboolean" value="true"/>
<entry key="384" type="xboolean" value="true"/>
<entry key="385" type="xboolean" value="true"/>
<entry key="386" type="xboolean" value="true"/>
<entry key="387" type="xboolean" value="true"/>
<entry key="388" type="xboolean" value="true"/>
<entry key="389" type="xboolean" value="true"/>
<entry key="390" type="xboolean" value="true"/>
<entry key="391" type="xboolean" value="true"/>
<entry key="392" type="xboolean" value="true"/>
<entry key="393" type="xboolean" value="true"/>
<entry key="394" type="xboolean" value="true"/>
<entry key="395" type="xboolean" value="true"/>
<entry key="396" type="xboolean" value="true"/>
<entry key="397" type="xboolean" value="true"/>
<entry key="398" type="xboolean" value="true"/>
<entry key="399" type="xboolean" value="true"/>
<entry key="400" type="xboolean" value="true"/>
<entry key="401" type="xboolean" value="true"/>
<entry key="402" type="xboolean" value="true"/>
<entry key="403" type="xboolean" value="true"/>
<entry key="404" type="xboolean" value="true"/>
<entry key="405" type="xboolean" value="true"/>
<entry key="406" type="xboolean" value="true"/>
<entry key="407" type="xboolean" value="true"/>
<entry key="408" type="xboolean" value="true"/>
<entry key="409" type="xboolean" value="true"/>
<entry key="410" type="xboolean" value="true"/>
<entry key="411" type="xboolean" value="true"/>
<entry key="412" type="xboolean" value="true"/>
<entry key="413" type="xboolean" value="true"/>
<entry key="414" type="xboolean" value="true"/>
<entry key="415" type="xboolean" value="true"/>
<entry key="416" type="xboolean" value="true"/>
<entry key="417" type="xboolean" value="true"/>
<entry key="418" type="xboolean" value="true"/>
<entry key="419" type="xboolean" value="true"/>
<entry key="420" type="xboolean" value="true"/>
<entry key="421" type="xboolean" value="true"/>
<entry key="422" type="xboolean" value="true"/>
<entry key="423" type="xboolean" value="true"/>
<entry key="424" type="xboolean" value="true"/>
<entry key="425" type="xboolean" value="true"/>
<entry key="426" type="xboolean" value="true"/>
<entry key="427" type="xboolean" value="true"/>
<entry key="428" type="xboolean" value="true"/>
<entry key="429" type="xboolean" value="true"/>
<entry key="430" type="xboolean" value="true"/>
<entry key="431" type="xboolean" value="true"/>
<entry key="432" type="xboolean" value="true"/>
<entry key="433" type="xboolean" value="true"/>
<entry key="434" type="xboolean" value="true"/>
<entry key="435" type="xboolean" value="true"/>
<entry key="436" type="xboolean" value="true"/>
<entry key="437" type="xboolean" value="true"/>
<entry key="438" type="xboolean" value="true"/>
<entry key="439" type="xboolean" value="true"/>
<entry key="440" type="xboolean" value="true"/>
<entry key="441" type="xboolean" value="true"/>
<entry key="442" type="xboolean" value="true"/>
<entry key="443" type="xboolean" value="true"/>
<entry key="444" type="xboolean" value="true"/>
<entry key="445" type="xboolean" value="true"/>
<entry key="446" type="xboolean" value="true"/>
<entry key="447" type="xboolean" value="true"/>
<entry key="448" type="xboolean" value="true"/>
<entry key="449" type="xboolean" value="true"/>
<entry key="450" type="xboolean" value="true"/>
<entry key="451" type="xboolean" value="true"/>
<entry key="452" type="xboolean" value="true"/>
<entry key="453" type="xboolean" value="true"/>
<entry key="454" type="xboolean" value="true"/>
<entry key="455" type="xboolean" value="true"/>
<entry key="456" type="xboolean" value="true"/>
<entry key="457" type="xboolean" value="true"/>
<entry key="458" type="xboolean" value="true"/>
<entry key="459" type="xboolean" value="true"/>
<entry key="460" type="xboolean" value="true"/>
<entry key="461" type="xboolean" value="true"/>
<entry key="462" type="xboolean" value="true"/>
<entry key="463" type="xboolean" value="true"/>
<entry key="464" type="xboolean" value="true"/>
<entry key="465" type="xboolean" value="true"/>
<entry key="466" type="xboolean" value="true"/>
<entry key="467" type="xboolean" value="true"/>
<entry key="468" type="xboolean" value="true"/>
<entry key="469" type="xboolean" value="true"/>
<entry key="470" type="xboolean" value="true"/>
<entry key="471" type="xboolean" value="true"/>
<entry key="472" type="xboolean" value="true"/>
<entry key="473" type="xboolean" value="true"/>
<entry key="474" type="xboolean" value="true"/>
<entry key="475" type="xboolean" value="true"/>
<entry key="476" type="xboolean" value="true"/>
<entry key="477" type="xboolean" value="true"/>
<entry key="478" type="xboolean" value="true"/>
<entry key="479" type="xboolean" value="true"/>
<entry key="480" type="xboolean" value="true"/>
<entry key="481" type="xboolean" value="true"/>
<entry key="482" type="xboolean" value="true"/>
<entry key="483" type="xboolean" value="true"/>
<entry key="484" type="xboolean" value="true"/>
<entry key="485" type="xboolean" value="true"/>
<entry key="486" type="xboolean" value="true"/>
<entry key="487" type="xboolean" value="true"/>
<entry key="488" type="xboolean" value="true"/>
<entry key="489" type="xboolean" value="true"/>
<entry key="490" type="xboolean" value="true"/>
<entry key="491" type="xboolean" value="true"/>
<entry key="492" type="xboolean" value="true"/>
<entry key="493" type="xboolean" value="true"/>
<entry key="494" type="xboolean" value="true"/>
<entry key="495" type="xboolean" value="true"/>
<entry key="496" type="xboolean" value="true"/>
<entry key="497" type="xboolean" value="true"/>
<entry key="498" type="xboolean" value="true"/>
<entry key="499" type="xboolean" value="true"/>
<entry key="500" type="xboolean" value="true"/>
<entry key="501" type="xboolean" value="true"/>
<entry key="502" type="xboolean" value="true"/>
<entry key="503" type="xboolean" value="true"/>
<entry key="504" type="xboolean" value="true"/>
<entry key="505" type="xboolean" value="true"/>
<entry key="506" type="xboolean" value="true"/>
<entry key="507" type="xboolean" value="true"/>
<entry key="508" type="xboolean" value="true"/>
<entry key="509" type="xboolean" value="true"/>
<entry key="510" type="xboolean" value="true"/>
<entry key="511" type="xboolean" value="true"/>
<entry key="512" type="xboolean" value="true"/>
<entry key="513" type="xboolean" value="true"/>
<entry key="514" type="xboolean" value="true"/>
<entry key="515" type="xboolean" value="true"/>
<entry key="516" type="xboolean" value="true"/>
<entry key="517" type="xboolean" value="true"/>
<entry key="518" type="xboolean" value="true"/>
<entry key="519" type="xboolean" value="true"/>
<entry key="520" type="xboolean" value="true"/>
<entry key="521" type="xboolean" value="true"/>
<entry key="522" type="xboolean" value="true"/>
<entry key="523" type="xboolean" value="true"/>
<entry key="524" type="xboolean" value="true"/>
<entry key="525" type="xboolean" value="true"/>
<entry key="526" type="xboolean" value="true"/>
<entry key="527" type="xboolean" value="true"/>
<entry key="528" type="xboolean" value="true"/>
<entry key="529" type="xboolean" value="true"/>
<entry key="530" type="xboolean" value="true"/>
<entry key="531" type="xboolean" value="true"/>
<entry key="532" type="xboolean" value="true"/>
<entry key="533" type="xboolean" value="true"/>
<entry key="534" type="xboolean" value="true"/>
<entry key="535" type="xboolean" value="true"/>
<entry key="536" type="xboolean" value="true"/>
<entry key="537" type="xboolean" value="true"/>
<entry key="538" type="xboolean" value="true"/>
<entry key="539" type="xboolean" value="true"/>
<entry key="540" type="xboolean" value="true"/>
<entry key="541" type="xboolean" value="true"/>
<entry key="542" type="xboolean" value="true"/>
<entry key="543" type="xboolean" value="true"/>
<entry key="544" type="xboolean" value="true"/>
<entry key="545" type="xboolean" value="true"/>
<entry key="546" type="xboolean" value="true"/>
<entry key="547" type="xboolean" value="true"/>
<entry key="548" type="xboolean" value="true"/>
<entry key="549" type="xboolean" value="true"/>
<entry key="550" type="xboolean" value="true"/>
<entry key="551" type="xboolean" value="true"/>
<entry key="552" type="xboolean" value="true"/>
<entry key="553" type="xboolean" value="true"/>
<entry key="554" type="xboolean" value="true"/>
<entry key="555" type="xboolean" value="true"/>
<entry key="556" type="xboolean" value="true"/>
<entry key="557" type="xboolean" value="true"/>
<entry key="558" type="xboolean" value="true"/>
<entry key="559" type="xboolean" value="true"/>
<entry key="560" type="xboolean" value="true"/>
<entry key="561" type="xboolean" value="true"/>
<entry key="562" type="xboolean" value="true"/>
<entry key="563" type="xboolean" value="true"/>
<entry key="564" type="xboolean" value="true"/>
<entry key="565" type="xboolean" value="true"/>
<entry key="566" type="xboolean" value="true"/>
<entry key="567" type="xboolean" value="true"/>
<entry key="568" type="xboolean" value="true"/>
<entry key="569" type="xboolean" value="true"/>
<entry key="570" type="xboolean" value="true"/>
<entry key="571" type="xboolean" value="true"/>
<entry key="572" type="xboolean" value="true"/>
<entry key="573" type="xboolean" value="true"/>
<entry key="574" type="xboolean" value="true"/>
<entry key="575" type="xboolean" value="true"/>
<entry key="576" type="xboolean" value="true"/>
<entry key="577" type="xboolean" value="true"/>
<entry key="578" type="xboolean" value="true"/>
<entry key="579" type="xboolean" value="true"/>
<entry key="580" type="xboolean" value="true"/>
<entry key="581" type="xboolean" value="true"/>
<entry key="582" type="xboolean" value="true"/>
<entry key="583" type="xboolean" value="true"/>
<entry key="584" type="xboolean" value="true"/>
<entry key="585" type="xboolean" value="true"/>
<entry key="586" type="xboolean" value="true"/>
<entry key="587" type="xboolean" value="true"/>
<entry key="588" type="xboolean" value="true"/>
<entry key="589" type="xboolean" value="true"/>
<entry key="590" type="xboolean" value="true"/>
<entry key="591" type="xboolean" value="true"/>
<entry key="592" type="xboolean" value="true"/>
<entry key="593" type="xboolean" value="true"/>
<entry key="594" type="xboolean" value="true"/>
<entry key="595" type="xboolean" value="true"/>
<entry key="596" type="xboolean" value="true"/>
<entry key="597" type="xboolean" value="true"/>
<entry key="598" type="xboolean" value="true"/>
<entry key="599" type="xboolean" value="true"/>
<entry key="600" type="xboolean" value="true"/>
<entry key="601" type="xboolean" value="true"/>
<entry key="602" type="xboolean" value="true"/>
<entry key="603" type="xboolean" value="true"/>
<entry key="604" type="xboolean" value="true"/>
<entry key="605" type="xboolean" value="true"/>
<entry key="606" type="xboolean" value="true"/>
<entry key="607" type="xboolean" value="true"/>
<entry key="608" type="xboolean" value="true"/>
<entry key="609" type="xboolean" value="true"/>
<entry key="610" type="xboolean" value="true"/>
<entry key="611" type="xboolean" value="true"/>
<entry key="612" type="xboolean" value="true"/>
<entry key="613" type="xboolean" value="true"/>
<entry key="614" type="xboolean" value="true"/>
<entry key="615" type="xboolean" value="true"/>
<entry key="616" type="xboolean" value="true"/>
<entry key="617" type="xboolean" value="true"/>
<entry key="618" type="xboolean" value="true"/>
<entry key="619" type="xboolean" value="true"/>
<entry key="620" type="xboolean" value="true"/>
<entry key="621" type="xboolean" value="true"/>
<entry key="622" type="xboolean" value="true"/>
<entry key="623" type="xboolean" value="true"/>
<entry key="624" type="xboolean" value="true"/>
<entry key="625" type="xboolean" value="true"/>
<entry key="626" type="xboolean" value="true"/>
<entry key="627" type="xboolean" value="true"/>
<entry key="628" type="xboolean" value="true"/>
<entry key="629" type="xboolean" value="true"/>
<entry key="630" type="xboolean" value="true"/>
<entry key="631" type="xboolean" value="true"/>
<entry key="632" type="xboolean" value="true"/>
<entry key="633" type="xboolean" value="true"/>
<entry key="634" type="xboolean" value="true"/>
<entry key="635" type="xboolean" value="true"/>
<entry key="636" type="xboolean" value="true"/>
<entry key="637" type="xboolean" value="true"/>
<entry key="638" type="xboolean" value="true"/>
<entry key="639" type="xboolean" value="true"/>
<entry key="640" type="xboolean" value="true"/>
<entry key="641" type="xboolean" value="true"/>
<entry key="642" type="xboolean" value="true"/>
<entry key="643" type="xboolean" value="true"/>
<entry key="644" type="xboolean" value="true"/>
<entry key="645" type="xboolean" value="true"/>
<entry key="646" type="xboolean" value="true"/>
<entry key="647" type="xboolean" value="true"/>
<entry key="648" type="xboolean" value="true"/>
<entry key="649" type="xboolean" value="true"/>
<entry key="650" type="xboolean" value="true"/>
<entry key="651" type="xboolean" value="true"/>
<entry key="652" type="xboolean" value="true"/>
<entry key="653" type="xboolean" value="true"/>
<entry key="654" type="xboolean" value="true"/>
<entry key="655" type="xboolean" value="true"/>
<entry key="656" type="xboolean" value="true"/>
<entry key="657" type="xboolean" value="true"/>
<entry key="658" type="xboolean" value="true"/>
<entry key="659" type="xboolean" value="true"/>
<entry key="660" type="xboolean" value="true"/>
<entry key="661" type="xboolean" value="true"/>
<entry key="662" type="xboolean" value="true"/>
<entry key="663" type="xboolean" value="true"/>
<entry key="664" type="xboolean" value="true"/>
<entry key="665" type="xboolean" value="true"/>
<entry key="666" type="xboolean" value="true"/>
<entry key="667" type="xboolean" value="true"/>
<entry key="668" type="xboolean" value="true"/>
<entry key="669" type="xboolean" value="true"/>
<entry key="670" type="xboolean" value="true"/>
<entry key="671" type="xboolean" value="true"/>
<entry key="672" type="xboolean" value="true"/>
<entry key="673" type="xboolean" value="true"/>
<entry key="674" type="xboolean" value="true"/>
<entry key="675" type="xboolean" value="true"/>
<entry key="676" type="xboolean" value="true"/>
<entry key="677" type="xboolean" value="true"/>
<entry key="678" type="xboolean" value="true"/>
<entry key="679" type="xboolean" value="true"/>
<entry key="680" type="xboolean" value="true"/>
<entry key="681" type="xboolean" value="true"/>
<entry key="682" type="xboolean" value="true"/>
<entry key="683" type="xboolean" value="true"/>
<entry key="684" type="xboolean" value="true"/>
<entry key="685" type="xboolean" value="true"/>
<entry key="686" type="xboolean" value="true"/>
<entry key="687" type="xboolean" value="true"/>
<entry key="688" type="xboolean" value="true"/>
<entry key="689" type="xboolean" value="true"/>
<entry key="690" type="xboolean" value="true"/>
<entry key="691" type="xboolean" value="true"/>
<entry key="692" type="xboolean" value="true"/>
<entry key="693" type="xboolean" value="true"/>
<entry key="694" type="xboolean" value="true"/>
<entry key="695" type="xboolean" value="true"/>
<entry key="696" type="xboolean" value="true"/>
<entry key="697" type="xboolean" value="true"/>
<entry key="698" type="xboolean" value="true"/>
<entry key="699" type="xboolean" value="true"/>
<entry key="700" type="xboolean" value="true"/>
<entry key="701" type="xboolean" value="true"/>
<entry key="702" type="xboolean" value="true"/>
<entry key="703" type="xboolean" value="true"/>
<entry key="704" type="xboolean" value="true"/>
<entry key="705" type="xboolean" value="true"/>
<entry key="706" type="xboolean" value="true"/>
<entry key="707" type="xboolean" value="true"/>
<entry key="708" type="xboolean" value="true"/>
<entry key="709" type="xboolean" value="true"/>
<entry key="710" type="xboolean" value="true"/>
<entry key="711" type="xboolean" value="true"/>
<entry key="712" type="xboolean" value="true"/>
<entry key="713" type="xboolean" value="true"/>
<entry key="714" type="xboolean" value="true"/>
<entry key="715" type="xboolean" value="true"/>
<entry key="716" type="xboolean" value="true"/>
<entry key="717" type="xboolean" value="true"/>
<entry key="718" type="xboolean" value="true"/>
<entry key="719" type="xboolean" value="true"/>
<entry key="720" type="xboolean" value="true"/>
<entry key="721" type="xboolean" value="true"/>
<entry key="722" type="xboolean" value="true"/>
<entry key="723" type="xboolean" value="true"/>
<entry key="724" type="xboolean" value="true"/>
<entry key="725" type="xboolean" value="true"/>
<entry key="726" type="xboolean" value="true"/>
<entry key="727" type="xboolean" value="true"/>
<entry key="728" type="xboolean" value="true"/>
<entry key="729" type="xboolean" value="true"/>
<entry key="730" type="xboolean" value="true"/>
<entry key="731" type="xboolean" value="true"/>
<entry key="732" type="xboolean" value="true"/>
<entry key="733" type="xboolean" value="true"/>
<entry key="734" type="xboolean" value="true"/>
<entry key="735" type="xboolean" value="true"/>
<entry key="736" type="xboolean" value="true"/>
<entry key="737" type="xboolean" value="true"/>
<entry key="738" type="xboolean" value="true"/>
<entry key="739" type="xboolean" value="true"/>
<entry key="740" type="xboolean" value="true"/>
<entry key="741" type="xboolean" value="true"/>
<entry key="742" type="xboolean" value="true"/>
<entry key="743" type="xboolean" value="true"/>
<entry key="744" type="xboolean" value="true"/>
<entry key="745" type="xboolean" value="true"/>
<entry key="746" type="xboolean" value="true"/>
<entry key="747" type="xboolean" value="true"/>
<entry key="748" type="xboolean" value="true"/>
<entry key="749" type="xboolean" value="true"/>
<entry key="750" type="xboolean" value="true"/>
<entry key="751" type="xboolean" value="true"/>
<entry key="752" type="xboolean" value="true"/>
<entry key="753" type="xboolean" value="true"/>
<entry key="754" type="xboolean" value="true"/>
<entry key="755" type="xboolean" value="true"/>
<entry key="756" type="xboolean" value="true"/>
<entry key="757" type="xboolean" value="true"/>
<entry key="758" type="xboolean" value="true"/>
<entry key="759" type="xboolean" value="true"/>
<entry key="760" type="xboolean" value="true"/>
<entry key="761" type="xboolean" value="true"/>
<entry key="762" type="xboolean" value="true"/>
<entry key="763" type="xboolean" value="true"/>
<entry key="764" type="xboolean" value="true"/>
<entry key="765" type="xboolean" value="true"/>
<entry key="766" type="xboolean" value="true"/>
<entry key="767" type="xboolean" value="true"/>
<entry key="768" type="xboolean" value="true"/>
<entry key="769" type="xboolean" value="true"/>
<entry key="770" type="xboolean" value="true"/>
<entry key="771" type="xboolean" value="true"/>
<entry key="772" type="xboolean" value="true"/>
<entry key="773" type="xboolean" value="true"/>
<entry key="774" type="xboolean" value="true"/>
<entry key="775" type="xboolean" value="true"/>
<entry key="776" type="xboolean" value="true"/>
<entry key="777" type="xboolean" value="true"/>
<entry key="778" type="xboolean" value="true"/>
<entry key="779" type="xboolean" value="true"/>
<entry key="780" type="xboolean" value="true"/>
<entry key="781" type="xboolean" value="true"/>
<entry key="782" type="xboolean" value="true"/>
<entry key="783" type="xboolean" value="true"/>
<entry key="784" type="xboolean" value="true"/>
<entry key="785" type="xboolean" value="true"/>
<entry key="786" type="xboolean" value="true"/>
<entry key="787" type="xboolean" value="true"/>
<entry key="788" type="xboolean" value="true"/>
<entry key="789" type="xboolean" value="true"/>
<entry key="790" type="xboolean" value="true"/>
<entry key="791" type="xboolean" value="true"/>
<entry key="792" type="xboolean" value="true"/>
<entry key="793" type="xboolean" value="true"/>
<entry key="794" type="xboolean" value="true"/>
<entry key="795" type="xboolean" value="true"/>
<entry key="796" type="xboolean" value="true"/>
<entry key="797" type="xboolean" value="true"/>
<entry key="798" type="xboolean" value="true"/>
<entry key="799" type="xboolean" value="true"/>
<entry key="800" type="xboolean" value="true"/>
<entry key="801" type="xboolean" value="true"/>
<entry key="802" type="xboolean" value="true"/>
<entry key="803" type="xboolean" value="true"/>
<entry key="804" type="xboolean" value="true"/>
<entry key="805" type="xboolean" value="true"/>
<entry key="806" type="xboolean" value="true"/>
<entry key="807" type="xboolean" value="true"/>
<entry key="808" type="xboolean" value="true"/>
<entry key="809" type="xboolean" value="true"/>
<entry key="810" type="xboolean" value="true"/>
<entry key="811" type="xboolean" value="true"/>
<entry key="812" type="xboolean" value="true"/>
<entry key="813" type="xboolean" value="true"/>
<entry key="814" type="xboolean" value="true"/>
<entry key="815" type="xboolean" value="true"/>
<entry key="816" type="xboolean" value="true"/>
<entry key="817" type="xboolean" value="true"/>
<entry key="818" type="xboolean" value="true"/>
<entry key="819" type="xboolean" value="true"/>
<entry key="820" type="xboolean" value="true"/>
<entry key="821" type="xboolean" value="true"/>
<entry key="822" type="xboolean" value="true"/>
<entry key="823" type="xboolean" value="true"/>
<entry key="824" type="xboolean" value="true"/>
<entry key="825" type="xboolean" value="true"/>
<entry key="826" type="xboolean" value="true"/>
<entry key="827" type="xboolean" value="true"/>
<entry key="828" type="xboolean" value="true"/>
<entry key="829" type="xboolean" value="true"/>
<entry key="830" type="xboolean" value="true"/>
<entry key="831" type="xboolean" value="true"/>
<entry key="832" type="xboolean" value="true"/>
<entry key="833" type="xboolean" value="true"/>
<entry key="834" type="xboolean" value="true"/>
<entry key="835" type="xboolean" value="true"/>
<entry key="836" type="xboolean" value="true"/>
<entry key="837" type="xboolean" value="true"/>
<entry key="838" type="xboolean" value="true"/>
<entry key="839" type="xboolean" value="true"/>
<entry key="840" type="xboolean" value="true"/>
<entry key="841" type="xboolean" value="true"/>
<entry key="842" type="xboolean" value="true"/>
<entry key="843" type="xboolean" value="true"/>
<entry key="844" type="xboolean" value="true"/>
<entry key="845" type="xboolean" value="true"/>
<entry key="846" type="xboolean" value="true"/>
<entry key="847" type="xboolean" value="true"/>
<entry key="848" type="xboolean" value="true"/>
<entry key="849" type="xboolean" value="true"/>
<entry key="850" type="xboolean" value="true"/>
<entry key="851" type="xboolean" value="true"/>
<entry key="852" type="xboolean" value="true"/>
<entry key="853" type="xboolean" value="true"/>
<entry key="854" type="xboolean" value="true"/>
<entry key="855" type="xboolean" value="true"/>
<entry key="856" type="xboolean" value="true"/>
<entry key="857" type="xboolean" value="true"/>
<entry key="858" type="xboolean" value="true"/>
<entry key="859" type="xboolean" value="true"/>
<entry key="860" type="xboolean" value="true"/>
<entry key="861" type="xboolean" value="true"/>
<entry key="862" type="xboolean" value="true"/>
<entry key="863" type="xboolean" value="true"/>
<entry key="864" type="xboolean" value="true"/>
<entry key="865" type="xboolean" value="true"/>
<entry key="866" type="xboolean" value="true"/>
<entry key="867" type="xboolean" value="true"/>
<entry key="868" type="xboolean" value="true"/>
<entry key="869" type="xboolean" value="true"/>
<entry key="870" type="xboolean" value="true"/>
<entry key="871" type="xboolean" value="true"/>
<entry key="872" type="xboolean" value="true"/>
<entry key="873" type="xboolean" value="true"/>
<entry key="874" type="xboolean" value="true"/>
<entry key="875" type="xboolean" value="true"/>
<entry key="876" type="xboolean" value="true"/>
<entry key="877" type="xboolean" value="true"/>
<entry key="878" type="xboolean" value="true"/>
<entry key="879" type="xboolean" value="true"/>
<entry key="880" type="xboolean" value="true"/>
<entry key="881" type="xboolean" value="true"/>
<entry key="882" type="xboolean" value="true"/>
<entry key="883" type="xboolean" value="true"/>
<entry key="884" type="xboolean" value="true"/>
<entry key="885" type="xboolean" value="true"/>
<entry key="886" type="xboolean" value="true"/>
<entry key="887" type="xboolean" value="true"/>
<entry key="888" type="xboolean" value="true"/>
<entry key="889" type="xboolean" value="true"/>
<entry key="890" type="xboolean" value="true"/>
<entry key="891" type="xboolean" value="true"/>
<entry key="892" type="xboolean" value="true"/>
<entry key="893" type="xboolean" value="true"/>
<entry key="894" type="xboolean" value="true"/>
<entry key="895" type="xboolean" value="true"/>
<entry key="896" type="xboolean" value="true"/>
<entry key="897" type="xboolean" value="true"/>
<entry key="898" type="xboolean" value="true"/>
<entry key="899" type="xboolean" value="true"/>
<entry key="900" type="xboolean" value="true"/>
<entry key="901" type="xboolean" value="true"/>
<entry key="902" type="xboolean" value="true"/>
<entry key="903" type="xboolean" value="true"/>
<entry key="904" type="xboolean" value="true"/>
<entry key="905" type="xboolean" value="true"/>
<entry key="906" type="xboolean" value="true"/>
<entry key="907" type="xboolean" value="true"/>
<entry key="908" type="xboolean" value="true"/>
<entry key="909" type="xboolean" value="true"/>
<entry key="910" type="xboolean" value="true"/>
<entry key="911" type="xboolean" value="true"/>
<entry key="912" type="xboolean" value="true"/>
<entry key="913" type="xboolean" value="true"/>
<entry key="914" type="xboolean" value="true"/>
<entry key="915" type="xboolean" value="true"/>
<entry key="916" type="xboolean" value="true"/>
<entry key="917" type="xboolean" value="true"/>
<entry key="918" type="xboolean" value="true"/>
<entry key="919" type="xboolean" value="true"/>
<entry key="920" type="xboolean" value="true"/>
<entry key="921" type="xboolean" value="true"/>
<entry key="922" type="xboolean" value="true"/>
<entry key="923" type="xboolean" value="true"/>
<entry key="924" type="xboolean" value="true"/>
<entry key="925" type="xboolean" value="true"/>
<entry key="926" type="xboolean" value="true"/>
<entry key="927" type="xboolean" value="true"/>
<entry key="928" type="xboolean" value="true"/>
<entry key="929" type="xboolean" value="true"/>
<entry key="930" type="xboolean" value="true"/>
<entry key="931" type="xboolean" value="true"/>
<entry key="932" type="xboolean" value="true"/>
<entry key="933" type="xboolean" value="true"/>
<entry key="934" type="xboolean" value="true"/>
<entry key="935" type="xboolean" value="true"/>
<entry key="936" type="xboolean" value="true"/>
<entry key="937" type="xboolean" value="true"/>
<entry key="938" type="xboolean" value="true"/>
<entry key="939" type="xboolean" value="true"/>
<entry key="940" type="xboolean" value="true"/>
<entry key="941" type="xboolean" value="true"/>
<entry key="942" type="xboolean" value="true"/>
<entry key="943" type="xboolean" value="true"/>
<entry key="944" type="xboolean" value="true"/>
<entry key="945" type="xboolean" value="true"/>
<entry key="946" type="xboolean" value="true"/>
<entry key="947" type="xboolean" value="true"/>
<entry key="948" type="xboolean" value="true"/>
<entry key="949" type="xboolean" value="true"/>
<entry key="950" type="xboolean" value="true"/>
<entry key="951" type="xboolean" value="true"/>
<entry key="952" type="xboolean" value="true"/>
<entry key="953" type="xboolean" value="true"/>
<entry key="954" type="xboolean" value="true"/>
<entry key="955" type="xboolean" value="true"/>
<entry key="956" type="xboolean" value="true"/>
<entry key="957" type="xboolean" value="true"/>
<entry key="958" type="xboolean" value="true"/>
<entry key="959" type="xboolean" value="true"/>
<entry key="960" type="xboolean" value="true"/>
<entry key="961" type="xboolean" value="true"/>
<entry key="962" type="xboolean" value="true"/>
<entry key="963" type="xboolean" value="true"/>
<entry key="964" type="xboolean" value="true"/>
<entry key="965" type="xboolean" value="true"/>
<entry key="966" type="xboolean" value="true"/>
<entry key="967" type="xboolean" value="true"/>
<entry key="968" type="xboolean" value="true"/>
<entry key="969" type="xboolean" value="true"/>
<entry key="970" type="xboolean" value="true"/>
<entry key="971" type="xboolean" value="true"/>
<entry key="972" type="xboolean" value="true"/>
<entry key="973" type="xboolean" value="true"/>
<entry key="974" type="xboolean" value="true"/>
<entry key="975" type="xboolean" value="true"/>
<entry key="976" type="xboolean" value="true"/>
<entry key="977" type="xboolean" value="true"/>
<entry key="978" type="xboolean" value="true"/>
<entry key="979" type="xboolean" value="true"/>
<entry key="980" type="xboolean" value="true"/>
<entry key="981" type="xboolean" value="true"/>
<entry key="982" type="xboolean" value="true"/>
<entry key="983" type="xboolean" value="true"/>
<entry key="984" type="xboolean" value="true"/>
<entry key="985" type="xboolean" value="true"/>
<entry key="986" type="xboolean" value="true"/>
<entry key="987" type="xboolean" value="true"/>
<entry key="988" type="xboolean" value="true"/>
<entry key="989" type="xboolean" value="true"/>
<entry key="990" type="xboolean" value="true"/>
<entry key="991" type="xboolean" value="true"/>
<entry key="992" type="xboolean" value="true"/>
<entry key="993" type="xboolean" value="true"/>
<entry key="994" type="xboolean" value="true"/>
<entry key="995" type="xboolean" value="true"/>
<entry key="996" type="xboolean" value="true"/>
<entry key="997" type="xboolean" value="true"/>
<entry key="998" type="xboolean" value="true"/>
<entry key="999" type="xboolean" value="true"/>
<entry key="1000" type="xboolean" value="true"/>
<entry key="1001" type="xboolean" value="false"/>
<entry key="1002" type="xboolean" value="false"/>
<entry key="1003" type="xboolean" value="false"/>
<entry key="1004" type="xboolean" value="false"/>
<entry key="1005" type="xboolean" value="false"/>
</config>
<entry key="table_type" type="xint" value="0"/>
</config>
<entry key="table_file_name" type="xstring" value="data.zip"/>
</config>
